-- phpMyAdmin SQL Dump
-- version 5.2.0
-- https://www.phpmyadmin.net/
--
-- Host: 127.0.0.1
-- Generation Time: Dec 07, 2023 at 03:18 PM
-- Server version: 10.4.27-MariaDB
-- PHP Version: 8.1.12

SET SQL_MODE = "NO_AUTO_VALUE_ON_ZERO";
START TRANSACTION;
SET time_zone = "+00:00";


/*!40101 SET @OLD_CHARACTER_SET_CLIENT=@@CHARACTER_SET_CLIENT */;
/*!40101 SET @OLD_CHARACTER_SET_RESULTS=@@CHARACTER_SET_RESULTS */;
/*!40101 SET @OLD_COLLATION_CONNECTION=@@COLLATION_CONNECTION */;
/*!40101 SET NAMES utf8mb4 */;

--
-- Database: `chatbot`
--

-- --------------------------------------------------------

--
-- Table structure for table `chats`
--

CREATE TABLE `chats` (
  `id` bigint(20) UNSIGNED NOT NULL,
  `agent_id` int(11) DEFAULT NULL,
  `visitor_id` bigint(20) UNSIGNED NOT NULL,
  `status` enum('active','deactive') NOT NULL DEFAULT 'deactive',
  `deleted_at` timestamp NULL DEFAULT NULL,
  `created_at` timestamp NULL DEFAULT NULL,
  `updated_at` timestamp NULL DEFAULT NULL
) ENGINE=InnoDB DEFAULT CHARSET=utf8mb4 COLLATE=utf8mb4_unicode_ci;

--
-- Dumping data for table `chats`
--

INSERT INTO `chats` (`id`, `agent_id`, `visitor_id`, `status`, `deleted_at`, `created_at`, `updated_at`) VALUES
(125, 1, 157, 'active', NULL, '2023-10-25 08:26:22', '2023-10-25 08:28:15'),
(126, 1, 158, 'active', NULL, '2023-10-25 08:28:48', '2023-10-25 08:29:15'),
(127, NULL, 159, 'deactive', NULL, '2023-10-25 08:39:52', '2023-10-25 08:39:52'),
(128, NULL, 160, 'deactive', NULL, '2023-10-25 08:44:16', '2023-10-25 08:44:16'),
(129, NULL, 161, 'deactive', NULL, '2023-10-25 08:44:55', '2023-10-25 08:44:55'),
(130, 1, 162, 'active', NULL, '2023-10-25 08:45:08', '2023-11-01 07:54:29'),
(131, NULL, 163, 'deactive', NULL, '2023-10-25 08:59:21', '2023-10-25 08:59:21'),
(132, 1, 164, 'active', NULL, '2023-10-25 09:00:07', '2023-10-25 09:01:24'),
(133, 1, 165, 'active', NULL, '2023-10-25 09:09:03', '2023-10-25 09:09:30'),
(134, NULL, 166, 'deactive', NULL, '2023-10-25 10:49:26', '2023-10-25 10:49:26'),
(135, NULL, 167, 'deactive', NULL, '2023-10-25 10:50:21', '2023-10-25 10:50:21'),
(136, 1, 168, 'active', NULL, '2023-10-25 10:57:17', '2023-10-25 10:57:43'),
(137, NULL, 169, 'deactive', NULL, '2023-10-25 12:35:54', '2023-10-25 12:35:54'),
(138, NULL, 170, 'deactive', NULL, '2023-10-25 12:36:12', '2023-10-25 12:36:12'),
(139, NULL, 171, 'deactive', NULL, '2023-10-25 12:39:52', '2023-10-25 12:39:52'),
(140, NULL, 172, 'deactive', NULL, '2023-10-25 12:40:44', '2023-10-25 12:40:44'),
(141, NULL, 173, 'deactive', NULL, '2023-10-25 12:41:01', '2023-10-25 12:41:01'),
(142, NULL, 174, 'deactive', NULL, '2023-10-25 12:43:00', '2023-10-25 12:43:00'),
(143, NULL, 175, 'deactive', NULL, '2023-10-25 12:43:35', '2023-10-25 12:43:35'),
(144, NULL, 176, 'deactive', NULL, '2023-10-25 12:43:49', '2023-10-25 12:43:49'),
(145, NULL, 177, 'deactive', NULL, '2023-10-25 12:44:17', '2023-10-25 12:44:17'),
(146, NULL, 178, 'deactive', NULL, '2023-10-25 12:44:32', '2023-10-25 12:44:32'),
(147, NULL, 179, 'deactive', NULL, '2023-10-25 12:45:39', '2023-10-25 12:45:39'),
(148, NULL, 180, 'deactive', NULL, '2023-10-25 12:45:54', '2023-10-25 12:45:54'),
(149, NULL, 181, 'deactive', NULL, '2023-10-25 12:46:43', '2023-10-25 12:46:43'),
(150, NULL, 182, 'deactive', NULL, '2023-10-25 12:48:22', '2023-10-25 12:48:22'),
(151, NULL, 183, 'deactive', NULL, '2023-10-25 12:48:37', '2023-10-25 12:48:37'),
(152, NULL, 184, 'deactive', NULL, '2023-10-25 12:48:56', '2023-10-25 12:48:56'),
(153, NULL, 185, 'deactive', NULL, '2023-10-25 12:49:26', '2023-10-25 12:49:26'),
(154, NULL, 186, 'deactive', NULL, '2023-10-25 12:50:24', '2023-10-25 12:50:24'),
(155, NULL, 187, 'deactive', NULL, '2023-10-25 12:50:32', '2023-10-25 12:50:32'),
(156, NULL, 188, 'deactive', NULL, '2023-10-25 12:52:30', '2023-10-25 12:52:30'),
(157, NULL, 189, 'deactive', NULL, '2023-10-25 12:58:54', '2023-10-25 12:58:54'),
(158, NULL, 190, 'deactive', NULL, '2023-10-26 05:48:03', '2023-10-26 05:48:03'),
(159, NULL, 191, 'deactive', NULL, '2023-10-26 05:48:39', '2023-10-26 05:48:39'),
(160, NULL, 192, 'deactive', NULL, '2023-10-26 05:49:00', '2023-10-26 05:49:00'),
(161, NULL, 193, 'deactive', NULL, '2023-10-26 05:49:06', '2023-10-26 05:49:06'),
(162, NULL, 194, 'deactive', NULL, '2023-10-26 05:49:31', '2023-10-26 05:49:31'),
(163, 1, 195, 'active', NULL, '2023-10-26 05:50:06', '2023-11-01 09:01:51'),
(164, NULL, 196, 'deactive', NULL, '2023-10-26 05:50:35', '2023-10-26 05:50:35'),
(165, NULL, 197, 'deactive', NULL, '2023-10-26 05:50:43', '2023-10-26 05:50:43'),
(166, NULL, 198, 'deactive', NULL, '2023-10-26 05:50:46', '2023-10-26 05:50:46'),
(167, NULL, 199, 'deactive', NULL, '2023-10-26 05:50:48', '2023-10-26 05:50:48'),
(168, NULL, 200, 'deactive', NULL, '2023-10-26 05:50:51', '2023-10-26 05:50:51'),
(169, NULL, 201, 'deactive', NULL, '2023-10-26 05:50:53', '2023-10-26 05:50:53'),
(170, NULL, 202, 'deactive', NULL, '2023-10-26 05:50:56', '2023-10-26 05:50:56'),
(171, NULL, 203, 'deactive', NULL, '2023-10-26 05:52:51', '2023-10-26 05:52:51'),
(172, NULL, 204, 'deactive', NULL, '2023-10-26 05:53:23', '2023-10-26 05:53:23'),
(173, NULL, 205, 'deactive', NULL, '2023-10-26 07:56:36', '2023-10-26 07:56:36'),
(174, 1, 206, 'active', NULL, '2023-10-26 07:57:15', '2023-10-26 08:20:19'),
(175, 1, 207, 'active', NULL, '2023-10-26 07:58:52', '2023-10-26 08:01:03'),
(176, NULL, 208, 'deactive', NULL, '2023-10-26 11:52:31', '2023-10-26 11:52:31'),
(177, NULL, 209, 'deactive', NULL, '2023-10-26 11:52:50', '2023-10-26 11:52:50'),
(178, NULL, 210, 'deactive', NULL, '2023-10-26 11:53:27', '2023-10-26 11:53:27'),
(179, NULL, 211, 'deactive', NULL, '2023-10-26 11:53:45', '2023-10-26 11:53:45'),
(180, NULL, 212, 'deactive', NULL, '2023-10-26 11:54:05', '2023-10-26 11:54:05'),
(181, NULL, 213, 'deactive', NULL, '2023-10-26 11:57:19', '2023-10-26 11:57:19'),
(182, NULL, 214, 'deactive', NULL, '2023-10-26 11:57:31', '2023-10-26 11:57:31'),
(183, NULL, 215, 'deactive', NULL, '2023-10-26 11:58:20', '2023-10-26 11:58:20'),
(184, NULL, 216, 'deactive', NULL, '2023-10-26 11:58:28', '2023-10-26 11:58:28'),
(185, NULL, 217, 'deactive', NULL, '2023-10-26 11:59:51', '2023-10-26 11:59:51'),
(186, NULL, 218, 'deactive', NULL, '2023-10-26 12:00:03', '2023-10-26 12:00:03'),
(187, NULL, 219, 'deactive', NULL, '2023-10-26 12:02:02', '2023-10-26 12:02:02'),
(188, NULL, 220, 'deactive', NULL, '2023-10-26 12:02:48', '2023-10-26 12:02:48'),
(189, NULL, 221, 'deactive', NULL, '2023-10-26 12:05:43', '2023-10-26 12:05:43'),
(190, NULL, 222, 'deactive', NULL, '2023-10-26 12:07:20', '2023-10-26 12:07:20'),
(191, 1, 223, 'active', NULL, '2023-10-26 12:08:44', '2023-10-26 12:08:52'),
(192, 1, 224, 'active', NULL, '2023-10-27 06:47:40', '2023-10-27 06:47:50'),
(193, 1, 225, 'active', NULL, '2023-10-27 10:22:55', '2023-10-27 11:25:08'),
(194, 1, 226, 'active', NULL, '2023-11-01 08:11:25', '2023-11-01 10:02:31'),
(195, 1, 227, 'active', NULL, '2023-11-01 10:09:07', '2023-11-01 12:33:27'),
(196, NULL, 228, 'deactive', NULL, '2023-11-01 11:03:35', '2023-11-01 11:03:35'),
(197, 1, 229, 'active', NULL, '2023-11-01 11:05:03', '2023-11-01 12:33:59'),
(198, 1, 230, 'active', NULL, '2023-11-01 12:13:16', '2023-11-01 12:13:20'),
(199, 1, 231, 'active', NULL, '2023-11-02 05:15:25', '2023-11-02 05:15:35'),
(200, 1, 232, 'active', NULL, '2023-11-02 05:42:30', '2023-11-02 05:43:15'),
(201, 1, 233, 'active', NULL, '2023-11-02 05:44:10', '2023-11-02 05:56:48'),
(202, NULL, 234, 'deactive', NULL, '2023-11-02 05:58:24', '2023-11-02 05:58:24'),
(203, NULL, 235, 'deactive', NULL, '2023-11-02 06:00:54', '2023-11-02 06:00:54'),
(204, NULL, 236, 'deactive', NULL, '2023-11-02 06:01:36', '2023-11-02 06:01:36'),
(205, NULL, 237, 'deactive', NULL, '2023-11-02 06:02:19', '2023-11-02 06:02:19'),
(206, NULL, 238, 'deactive', NULL, '2023-11-02 06:06:21', '2023-11-02 06:06:21'),
(207, 12312, 239, 'active', NULL, '2023-11-02 06:07:21', '2023-11-06 11:44:16'),
(208, 1, 240, 'active', NULL, '2023-11-03 05:36:46', '2023-11-03 05:37:03'),
(209, 1, 241, 'active', NULL, '2023-11-03 05:36:54', '2023-11-03 05:37:11'),
(210, 1, 242, 'active', NULL, '2023-11-03 05:38:57', '2023-11-03 05:39:10'),
(211, NULL, 243, 'deactive', NULL, '2023-11-03 05:39:14', '2023-11-03 05:39:14'),
(212, NULL, 244, 'deactive', NULL, '2023-11-03 05:39:23', '2023-11-03 05:39:23'),
(213, 1, 245, 'active', NULL, '2023-11-03 05:40:06', '2023-11-03 05:40:38'),
(214, NULL, 246, 'deactive', NULL, '2023-11-03 08:57:06', '2023-11-03 08:57:06'),
(215, 1, 247, 'active', NULL, '2023-11-06 04:54:44', '2023-11-06 04:55:09'),
(216, 2, 248, 'active', NULL, '2023-11-06 05:02:00', '2023-11-06 05:06:10'),
(217, NULL, 249, 'deactive', NULL, '2023-11-06 05:38:39', '2023-11-06 05:38:39'),
(218, 2, 250, 'active', NULL, '2023-11-06 07:56:28', '2023-11-06 08:00:07'),
(219, 2, 251, 'deactive', NULL, '2023-11-06 08:02:48', '2023-11-06 08:03:00'),
(220, NULL, 252, 'deactive', NULL, '2023-11-06 08:28:32', '2023-11-06 08:28:32'),
(221, NULL, 253, 'deactive', NULL, '2023-11-06 08:28:35', '2023-11-06 08:28:35'),
(222, 2, 254, 'active', NULL, '2023-11-06 08:28:42', '2023-11-06 08:29:04'),
(223, 2, 255, 'deactive', NULL, '2023-11-06 08:29:07', '2023-11-06 08:29:36'),
(224, NULL, 256, 'deactive', NULL, '2023-11-06 08:32:06', '2023-11-06 08:32:06'),
(225, NULL, 257, 'deactive', NULL, '2023-11-06 08:34:57', '2023-11-06 08:34:57'),
(226, NULL, 258, 'deactive', NULL, '2023-11-06 08:35:00', '2023-11-06 08:35:00'),
(227, NULL, 259, 'deactive', NULL, '2023-11-06 08:36:05', '2023-11-06 08:36:05'),
(228, NULL, 260, 'deactive', NULL, '2023-11-06 08:36:41', '2023-11-06 08:36:41'),
(229, NULL, 261, 'deactive', NULL, '2023-11-06 08:37:39', '2023-11-06 08:37:39'),
(230, NULL, 262, 'deactive', NULL, '2023-11-06 08:37:49', '2023-11-06 08:37:49'),
(231, NULL, 263, 'deactive', NULL, '2023-11-06 08:38:39', '2023-11-06 08:38:39'),
(232, NULL, 264, 'deactive', NULL, '2023-11-06 08:39:36', '2023-11-06 08:39:36'),
(233, NULL, 265, 'deactive', NULL, '2023-11-06 08:41:07', '2023-11-06 08:41:07'),
(234, NULL, 266, 'deactive', NULL, '2023-11-06 08:43:41', '2023-11-06 08:43:41'),
(235, 2, 267, 'active', NULL, '2023-11-06 08:45:12', '2023-11-06 08:45:20'),
(236, NULL, 268, 'deactive', NULL, '2023-11-06 09:00:18', '2023-11-06 09:00:18'),
(237, NULL, 269, 'deactive', NULL, '2023-11-06 09:00:54', '2023-11-06 09:00:54'),
(238, NULL, 270, 'deactive', NULL, '2023-11-06 09:01:14', '2023-11-06 09:01:14'),
(239, NULL, 271, 'deactive', NULL, '2023-11-06 09:02:15', '2023-11-06 09:02:15'),
(240, NULL, 272, 'deactive', NULL, '2023-11-06 09:02:59', '2023-11-06 09:02:59'),
(241, NULL, 273, 'deactive', NULL, '2023-11-06 09:09:48', '2023-11-06 09:09:48'),
(242, NULL, 274, 'deactive', NULL, '2023-11-06 09:11:37', '2023-11-06 09:11:37'),
(243, NULL, 275, 'deactive', NULL, '2023-11-06 09:11:45', '2023-11-06 09:11:45'),
(244, NULL, 276, 'deactive', NULL, '2023-11-06 11:38:27', '2023-11-06 11:38:27'),
(245, NULL, 277, 'deactive', NULL, '2023-11-06 11:41:46', '2023-11-06 11:41:46'),
(246, NULL, 278, 'deactive', NULL, '2023-11-06 11:41:55', '2023-11-06 11:41:55'),
(247, NULL, 279, 'deactive', NULL, '2023-11-06 11:42:01', '2023-11-06 11:42:01'),
(248, NULL, 280, 'deactive', NULL, '2023-11-06 11:44:14', '2023-11-06 11:44:14'),
(249, NULL, 281, 'deactive', NULL, '2023-11-06 11:46:58', '2023-11-06 11:46:58'),
(250, NULL, 282, 'deactive', NULL, '2023-11-06 12:03:20', '2023-11-06 12:03:20'),
(251, NULL, 283, 'deactive', NULL, '2023-11-06 12:05:50', '2023-11-06 12:05:50'),
(252, NULL, 284, 'deactive', NULL, '2023-11-06 12:06:32', '2023-11-06 12:06:32'),
(253, 2, 285, 'deactive', NULL, '2023-11-06 12:10:24', '2023-11-06 12:11:16'),
(254, 2, 286, 'deactive', NULL, '2023-11-06 12:12:19', '2023-11-06 12:12:56'),
(255, 2, 287, 'deactive', NULL, '2023-11-06 12:13:03', '2023-11-06 12:13:47'),
(256, NULL, 288, 'deactive', NULL, '2023-11-06 12:37:04', '2023-11-06 12:37:04'),
(257, 2, 289, 'deactive', NULL, '2023-11-06 12:37:06', '2023-11-06 12:37:17'),
(258, 2, 290, 'deactive', NULL, '2023-11-06 12:44:38', '2023-11-06 12:44:45'),
(259, 2, 291, 'active', NULL, '2023-11-06 12:46:47', '2023-11-06 12:46:49'),
(260, NULL, 292, 'deactive', NULL, '2023-11-06 12:46:58', '2023-11-06 12:46:58'),
(261, 2, 293, 'deactive', NULL, '2023-11-06 12:47:00', '2023-11-06 12:47:09'),
(262, 2, 294, 'active', NULL, '2023-11-06 12:50:30', '2023-11-06 12:50:32'),
(263, NULL, 295, 'deactive', NULL, '2023-11-06 12:51:01', '2023-11-06 12:51:01'),
(264, 2, 296, 'active', NULL, '2023-11-06 12:51:14', '2023-11-06 12:51:16'),
(265, NULL, 297, 'deactive', NULL, '2023-11-07 06:34:55', '2023-11-07 06:34:55'),
(266, NULL, 298, 'deactive', NULL, '2023-11-07 06:35:21', '2023-11-07 06:35:21'),
(267, NULL, 299, 'deactive', NULL, '2023-11-07 06:36:03', '2023-11-07 06:36:03'),
(268, NULL, 300, 'deactive', NULL, '2023-11-07 06:37:22', '2023-11-07 06:37:22'),
(269, NULL, 301, 'deactive', NULL, '2023-11-07 06:46:40', '2023-11-07 06:46:40'),
(270, NULL, 302, 'deactive', NULL, '2023-11-07 06:48:03', '2023-11-07 06:48:03'),
(271, NULL, 303, 'deactive', NULL, '2023-11-07 06:49:30', '2023-11-07 06:49:30'),
(272, NULL, 304, 'deactive', NULL, '2023-11-07 06:49:54', '2023-11-07 06:49:54'),
(273, NULL, 305, 'deactive', NULL, '2023-11-07 06:51:44', '2023-11-07 06:51:44'),
(274, NULL, 306, 'deactive', NULL, '2023-11-07 06:54:13', '2023-11-07 06:54:13'),
(275, 2, 307, 'active', NULL, '2023-11-07 07:03:12', '2023-11-07 10:45:07'),
(276, 2, 308, 'active', NULL, '2023-11-07 07:03:22', '2023-11-07 07:06:19'),
(277, 2, 309, 'active', NULL, '2023-11-07 10:46:25', '2023-11-07 10:46:33'),
(278, NULL, 310, 'deactive', NULL, '2023-11-07 12:31:45', '2023-11-07 12:31:45'),
(279, NULL, 311, 'deactive', NULL, '2023-11-07 12:31:55', '2023-11-07 12:31:55'),
(280, NULL, 312, 'deactive', NULL, '2023-11-07 12:33:41', '2023-11-07 12:33:41'),
(281, 2, 313, 'active', NULL, '2023-11-07 12:34:38', '2023-11-07 12:34:51'),
(282, NULL, 314, 'deactive', NULL, '2023-11-07 12:35:51', '2023-11-07 12:35:51'),
(283, 2, 315, 'active', NULL, '2023-11-07 12:36:02', '2023-11-07 12:43:25'),
(284, NULL, 316, 'deactive', NULL, '2023-11-07 12:44:36', '2023-11-07 12:44:36'),
(285, 2, 317, 'active', NULL, '2023-11-07 12:50:15', '2023-11-07 12:50:19'),
(286, 2, 318, 'active', NULL, '2023-11-07 12:51:05', '2023-11-07 12:51:10'),
(287, NULL, 319, 'deactive', NULL, '2023-11-07 12:51:39', '2023-11-07 12:51:39'),
(288, NULL, 320, 'deactive', NULL, '2023-11-07 12:51:47', '2023-11-07 12:51:47'),
(289, 2, 321, 'active', NULL, '2023-11-07 12:51:52', '2023-11-07 12:52:01'),
(290, 2, 322, 'active', NULL, '2023-11-07 12:54:11', '2023-11-07 12:54:17'),
(291, 2, 323, 'active', NULL, '2023-11-08 04:26:33', '2023-11-08 04:26:48'),
(292, 2, 324, 'active', NULL, '2023-11-08 04:26:38', '2023-11-08 04:27:02'),
(293, 2, 325, 'active', NULL, '2023-11-10 07:52:14', '2023-11-10 07:52:22'),
(294, NULL, 326, 'deactive', NULL, '2023-11-10 07:54:10', '2023-11-10 07:54:10'),
(295, 2, 327, 'active', NULL, '2023-11-10 08:05:21', '2023-11-10 12:13:22'),
(296, NULL, 328, 'deactive', NULL, '2023-11-10 08:06:45', '2023-11-10 08:06:45'),
(297, 2, 329, 'active', NULL, '2023-11-10 08:07:45', '2023-11-10 12:13:17'),
(298, NULL, 330, 'deactive', NULL, '2023-11-10 08:11:23', '2023-11-10 08:11:23'),
(299, 2, 331, 'active', NULL, '2023-11-10 08:15:00', '2023-11-10 12:13:08'),
(300, NULL, 332, 'deactive', NULL, '2023-11-10 08:15:32', '2023-11-10 08:15:32'),
(301, 2, 333, 'active', NULL, '2023-11-10 08:25:51', '2023-11-10 12:13:03'),
(302, NULL, 334, 'deactive', NULL, '2023-11-10 08:26:12', '2023-11-10 08:26:12'),
(303, NULL, 335, 'deactive', NULL, '2023-11-10 08:29:34', '2023-11-10 08:29:34'),
(304, NULL, 336, 'deactive', NULL, '2023-11-10 08:30:30', '2023-11-10 08:30:30'),
(305, NULL, 337, 'deactive', NULL, '2023-11-10 08:30:41', '2023-11-10 08:30:41'),
(306, NULL, 338, 'deactive', NULL, '2023-11-10 08:31:08', '2023-11-10 08:31:08'),
(307, NULL, 339, 'deactive', NULL, '2023-11-10 08:31:23', '2023-11-10 08:31:23'),
(308, 2, 340, 'active', NULL, '2023-11-10 08:40:08', '2023-11-10 12:12:54'),
(309, NULL, 341, 'deactive', NULL, '2023-11-10 08:40:32', '2023-11-10 08:40:32'),
(310, NULL, 342, 'deactive', NULL, '2023-11-10 08:40:34', '2023-11-10 08:40:34'),
(311, 2, 343, 'active', NULL, '2023-11-10 08:41:36', '2023-11-10 12:12:59'),
(312, NULL, 344, 'deactive', NULL, '2023-11-10 08:47:13', '2023-11-10 08:47:13'),
(313, 2, 345, 'active', NULL, '2023-11-10 08:49:02', '2023-11-10 08:49:13'),
(314, 2, 346, 'deactive', NULL, '2023-11-10 08:49:33', '2023-11-10 08:50:11'),
(315, NULL, 347, 'deactive', NULL, '2023-11-10 11:52:44', '2023-11-10 11:52:44'),
(316, NULL, 348, 'deactive', NULL, '2023-11-10 11:53:20', '2023-11-10 11:53:20'),
(317, NULL, 349, 'deactive', NULL, '2023-11-10 11:53:27', '2023-11-10 11:53:27'),
(318, NULL, 350, 'deactive', NULL, '2023-11-10 11:53:52', '2023-11-10 11:53:52'),
(319, 2, 351, 'active', NULL, '2023-11-10 11:54:21', '2023-11-10 11:54:41'),
(320, 2, 352, 'active', NULL, '2023-11-10 11:54:34', '2023-11-10 11:54:46'),
(321, 2, 353, 'active', NULL, '2023-11-10 11:57:03', '2023-11-10 11:58:34'),
(322, 2, 354, 'active', NULL, '2023-11-10 11:57:10', '2023-11-10 11:57:39'),
(323, 2, 355, 'active', NULL, '2023-11-10 12:13:35', '2023-11-10 12:13:42'),
(324, 2, 356, 'active', NULL, '2023-11-10 12:18:44', '2023-11-10 12:20:14'),
(325, 2, 357, 'active', NULL, '2023-11-10 12:22:07', '2023-11-10 12:22:20'),
(326, 2, 358, 'active', NULL, '2023-11-10 12:25:07', '2023-11-10 12:25:13'),
(327, 2, 359, 'active', NULL, '2023-11-10 12:25:42', '2023-11-10 12:27:34'),
(328, 2, 360, 'active', NULL, '2023-11-10 12:29:19', '2023-11-10 12:29:23'),
(329, NULL, 361, 'deactive', NULL, '2023-11-10 12:30:12', '2023-11-10 12:30:12'),
(330, 2, 362, 'active', NULL, '2023-11-10 12:30:44', '2023-11-10 12:30:50'),
(331, NULL, 363, 'deactive', NULL, '2023-11-10 12:32:22', '2023-11-10 12:32:22'),
(332, NULL, 364, 'deactive', NULL, '2023-11-10 12:32:27', '2023-11-10 12:32:27'),
(333, 2, 365, 'active', NULL, '2023-11-10 12:32:35', '2023-11-10 12:32:37'),
(334, NULL, 366, 'deactive', NULL, '2023-11-10 12:33:44', '2023-11-10 12:33:44'),
(335, 2, 367, 'active', NULL, '2023-11-10 12:33:52', '2023-11-10 12:33:57'),
(336, 2, 368, 'active', NULL, '2023-11-10 12:34:51', '2023-11-10 12:34:58'),
(337, NULL, 369, 'deactive', NULL, '2023-11-13 05:59:40', '2023-11-13 05:59:40'),
(338, 2, 370, 'active', NULL, '2023-11-13 05:59:56', '2023-11-13 05:59:58'),
(339, NULL, 371, 'deactive', NULL, '2023-11-13 08:11:16', '2023-11-13 08:11:16'),
(340, NULL, 372, 'deactive', NULL, '2023-11-13 08:12:07', '2023-11-13 08:12:07'),
(341, NULL, 373, 'deactive', NULL, '2023-11-13 08:42:48', '2023-11-13 08:42:48'),
(342, NULL, 374, 'deactive', NULL, '2023-11-13 08:43:02', '2023-11-13 08:43:02'),
(343, NULL, 375, 'deactive', NULL, '2023-11-13 08:43:09', '2023-11-13 08:43:09'),
(344, NULL, 376, 'deactive', NULL, '2023-11-13 10:16:59', '2023-11-13 10:16:59'),
(345, 2, 377, 'active', NULL, '2023-11-13 10:19:49', '2023-11-13 10:20:02'),
(346, 2, 378, 'active', NULL, '2023-11-13 10:20:11', '2023-11-13 10:20:37'),
(347, 2, 379, 'active', NULL, '2023-11-13 10:20:15', '2023-11-13 10:20:18'),
(348, 2, 380, 'active', NULL, '2023-11-13 10:52:53', '2023-11-13 10:52:56'),
(349, 2, 381, 'active', NULL, '2023-11-13 10:58:51', '2023-11-13 10:58:53'),
(350, NULL, 382, 'deactive', NULL, '2023-11-13 10:59:27', '2023-11-13 10:59:27'),
(351, NULL, 383, 'deactive', NULL, '2023-11-13 11:05:51', '2023-11-13 11:05:51'),
(352, NULL, 384, 'deactive', NULL, '2023-11-13 11:43:55', '2023-11-13 11:43:55'),
(353, NULL, 385, 'deactive', NULL, '2023-11-13 11:44:03', '2023-11-13 11:44:03'),
(354, NULL, 386, 'deactive', NULL, '2023-11-13 11:44:05', '2023-11-13 11:44:05'),
(355, NULL, 387, 'deactive', NULL, '2023-11-13 11:44:11', '2023-11-13 11:44:11'),
(356, NULL, 388, 'deactive', NULL, '2023-11-13 11:50:40', '2023-11-13 11:50:40'),
(357, 2, 389, 'active', NULL, '2023-11-14 04:34:42', '2023-11-14 04:34:55'),
(358, NULL, 390, 'deactive', NULL, '2023-11-14 04:34:48', '2023-11-14 04:34:48'),
(359, NULL, 391, 'deactive', NULL, '2023-11-14 04:53:43', '2023-11-14 04:53:43'),
(360, 2, 392, 'active', NULL, '2023-11-14 04:53:53', '2023-11-14 04:53:59'),
(361, NULL, 393, 'deactive', NULL, '2023-11-14 04:54:10', '2023-11-14 04:54:10'),
(362, 2, 394, 'active', NULL, '2023-11-14 04:54:13', '2023-11-14 04:54:20'),
(363, 2, 395, 'active', NULL, '2023-11-14 04:54:56', '2023-11-14 04:54:59'),
(364, NULL, 396, 'deactive', NULL, '2023-11-14 04:55:12', '2023-11-14 04:55:12'),
(365, NULL, 397, 'deactive', NULL, '2023-11-14 04:55:14', '2023-11-14 04:55:14'),
(366, 2, 398, 'active', NULL, '2023-11-14 04:55:18', '2023-11-14 04:55:23'),
(367, 2, 399, 'active', NULL, '2023-11-14 05:06:44', '2023-11-14 05:06:51'),
(368, 2, 400, 'active', NULL, '2023-11-14 05:22:23', '2023-11-14 05:22:28'),
(369, NULL, 401, 'deactive', NULL, '2023-11-14 05:23:32', '2023-11-14 05:23:32'),
(370, NULL, 402, 'deactive', NULL, '2023-11-14 05:23:49', '2023-11-14 05:23:49'),
(371, 2, 403, 'active', NULL, '2023-11-14 05:23:51', '2023-11-14 05:23:55'),
(372, 2, 404, 'active', NULL, '2023-11-14 05:24:57', '2023-11-14 05:25:02'),
(373, 2, 405, 'active', NULL, '2023-11-14 05:48:02', '2023-11-14 05:48:29'),
(374, 2, 406, 'deactive', NULL, '2023-11-14 06:00:48', '2023-11-14 06:01:16'),
(375, NULL, 407, 'deactive', NULL, '2023-11-14 06:25:22', '2023-11-14 06:25:22'),
(376, NULL, 408, 'deactive', NULL, '2023-11-14 06:25:28', '2023-11-14 06:25:28'),
(377, NULL, 409, 'deactive', NULL, '2023-11-14 06:25:36', '2023-11-14 06:25:36'),
(378, 2, 410, 'active', NULL, '2023-11-14 06:26:16', '2023-11-14 06:37:26'),
(379, NULL, 411, 'deactive', NULL, '2023-11-14 06:26:22', '2023-11-14 06:26:22'),
(380, NULL, 412, 'deactive', NULL, '2023-11-14 06:27:14', '2023-11-14 06:27:14'),
(381, NULL, 413, 'deactive', NULL, '2023-11-14 06:27:27', '2023-11-14 06:27:27'),
(382, NULL, 414, 'deactive', NULL, '2023-11-14 06:28:39', '2023-11-14 06:28:39'),
(383, 2, 415, 'active', NULL, '2023-11-14 06:28:57', '2023-11-14 06:29:12'),
(384, 2, 416, 'active', NULL, '2023-11-14 06:32:48', '2023-11-14 06:36:14'),
(385, NULL, 417, 'deactive', NULL, '2023-11-14 06:34:41', '2023-11-14 06:34:41'),
(386, 2, 418, 'active', NULL, '2023-11-14 06:34:43', '2023-11-14 06:36:08'),
(387, 2, 419, 'active', NULL, '2023-11-14 07:06:55', '2023-11-14 07:06:59'),
(388, NULL, 420, 'deactive', NULL, '2023-11-14 07:07:46', '2023-11-14 07:07:46'),
(389, NULL, 421, 'deactive', NULL, '2023-11-14 07:07:50', '2023-11-14 07:07:50'),
(390, 2, 422, 'active', NULL, '2023-11-14 07:07:54', '2023-11-14 07:08:07'),
(391, 2, 423, 'active', NULL, '2023-11-14 07:09:21', '2023-11-14 07:09:23'),
(392, NULL, 424, 'deactive', NULL, '2023-11-14 07:45:42', '2023-11-14 07:45:42'),
(393, NULL, 425, 'deactive', NULL, '2023-11-14 07:45:46', '2023-11-14 07:45:46'),
(394, NULL, 426, 'deactive', NULL, '2023-11-14 07:45:49', '2023-11-14 07:45:49'),
(395, 2, 427, 'active', NULL, '2023-11-14 07:46:46', '2023-11-14 07:46:55'),
(396, NULL, 428, 'deactive', NULL, '2023-11-14 07:46:59', '2023-11-14 07:46:59'),
(397, NULL, 429, 'deactive', NULL, '2023-11-14 07:47:13', '2023-11-14 07:47:13'),
(398, NULL, 430, 'deactive', NULL, '2023-11-14 07:47:19', '2023-11-14 07:47:19'),
(399, 2, 431, 'active', NULL, '2023-11-14 08:01:09', '2023-11-14 08:01:18'),
(400, NULL, 432, 'deactive', NULL, '2023-11-14 08:02:46', '2023-11-14 08:02:46'),
(401, NULL, 433, 'deactive', NULL, '2023-11-14 08:02:49', '2023-11-14 08:02:49'),
(402, 2, 434, 'active', NULL, '2023-11-14 08:02:56', '2023-11-14 08:03:06'),
(403, 2, 435, 'active', NULL, '2023-11-14 08:23:19', '2023-11-14 08:23:28'),
(404, 2, 436, 'deactive', NULL, '2023-11-14 08:23:24', '2023-11-14 08:30:06'),
(405, 2, 437, 'active', NULL, '2023-11-14 08:51:22', '2023-11-14 08:53:12'),
(406, 2, 438, 'active', NULL, '2023-11-14 08:53:51', '2023-11-14 08:53:53'),
(407, 2, 439, 'deactive', NULL, '2023-11-14 08:58:15', '2023-11-14 08:58:25'),
(408, 2, 440, 'active', NULL, '2023-11-14 09:00:02', '2023-11-14 09:00:06'),
(409, 2, 441, 'active', NULL, '2023-11-14 09:02:35', '2023-11-14 09:02:38'),
(410, 2, 442, 'active', NULL, '2023-11-14 09:03:06', '2023-11-14 09:03:09'),
(411, NULL, 443, 'deactive', NULL, '2023-11-14 09:03:31', '2023-11-14 09:03:31'),
(412, 2, 444, 'deactive', NULL, '2023-11-14 09:03:35', '2023-11-14 09:04:08'),
(413, NULL, 445, 'deactive', NULL, '2023-11-14 09:05:50', '2023-11-14 09:05:50'),
(414, 2, 446, 'deactive', NULL, '2023-11-14 09:05:58', '2023-11-14 09:06:04'),
(415, 2, 447, 'active', NULL, '2023-11-14 09:07:36', '2023-11-14 09:07:38'),
(416, 2, 448, 'deactive', NULL, '2023-11-14 09:08:33', '2023-11-14 09:08:54'),
(417, NULL, 449, 'deactive', NULL, '2023-11-14 09:15:24', '2023-11-14 09:15:24'),
(418, 2, 450, 'active', NULL, '2023-11-14 09:15:31', '2023-11-14 09:15:38'),
(419, NULL, 451, 'deactive', NULL, '2023-11-14 09:16:41', '2023-11-14 09:16:41'),
(420, NULL, 452, 'deactive', NULL, '2023-11-14 09:16:44', '2023-11-14 09:16:44'),
(421, 2, 453, 'deactive', NULL, '2023-11-14 09:16:54', '2023-11-14 09:18:16'),
(422, NULL, 454, 'deactive', NULL, '2023-11-14 09:18:42', '2023-11-14 09:18:42'),
(423, 2, 455, 'deactive', NULL, '2023-11-14 09:18:48', '2023-11-14 09:19:01'),
(424, NULL, 456, 'deactive', NULL, '2023-11-14 09:19:24', '2023-11-14 09:19:24'),
(425, 2, 457, 'deactive', NULL, '2023-11-14 09:19:30', '2023-11-14 09:19:58'),
(426, 2, 458, 'deactive', NULL, '2023-11-14 09:20:08', '2023-11-14 09:20:15'),
(427, NULL, 459, 'deactive', NULL, '2023-11-14 10:29:03', '2023-11-14 10:29:03'),
(428, 2, 460, 'deactive', NULL, '2023-11-14 10:29:22', '2023-11-14 10:30:06'),
(429, 2, 461, 'active', NULL, '2023-11-14 10:34:24', '2023-11-14 10:34:28'),
(430, NULL, 462, 'deactive', NULL, '2023-11-14 10:34:44', '2023-11-14 10:34:44'),
(431, NULL, 463, 'deactive', NULL, '2023-11-14 10:34:48', '2023-11-14 10:34:48'),
(432, 2, 464, 'active', NULL, '2023-11-14 10:34:53', '2023-11-14 10:35:05'),
(433, NULL, 465, 'deactive', NULL, '2023-11-14 10:35:02', '2023-11-14 10:35:02'),
(434, 2, 466, 'active', NULL, '2023-11-14 10:36:45', '2023-11-14 10:38:15'),
(435, 2, 467, 'deactive', NULL, '2023-11-14 10:36:48', '2023-11-14 10:37:27'),
(436, 2, 468, 'deactive', NULL, '2023-11-14 10:38:32', '2023-11-14 10:39:17'),
(437, 2, 469, 'deactive', NULL, '2023-11-14 10:38:40', '2023-11-14 10:39:59'),
(438, 2, 470, 'active', NULL, '2023-11-14 10:47:11', '2023-11-14 10:47:14'),
(439, NULL, 471, 'deactive', NULL, '2023-11-14 10:48:24', '2023-11-14 10:48:24'),
(440, 2, 472, 'active', NULL, '2023-11-14 10:48:28', '2023-11-14 10:48:34'),
(441, 2, 473, 'active', NULL, '2023-11-14 10:48:57', '2023-11-14 10:49:02'),
(442, NULL, 474, 'deactive', NULL, '2023-11-14 10:49:26', '2023-11-14 10:49:26'),
(443, 2, 475, 'active', NULL, '2023-11-14 10:50:10', '2023-11-14 10:50:12'),
(444, NULL, 476, 'deactive', NULL, '2023-11-14 10:51:00', '2023-11-14 10:51:00'),
(445, 2, 477, 'active', NULL, '2023-11-14 10:51:02', '2023-11-14 10:51:05'),
(446, NULL, 478, 'deactive', NULL, '2023-11-14 10:51:22', '2023-11-14 10:51:22'),
(447, 2, 479, 'active', NULL, '2023-11-14 10:51:36', '2023-11-14 10:51:42'),
(448, NULL, 480, 'deactive', NULL, '2023-11-14 10:56:02', '2023-11-14 10:56:02'),
(449, 2, 481, 'active', NULL, '2023-11-14 10:56:10', '2023-11-14 10:56:20'),
(450, NULL, 482, 'deactive', NULL, '2023-11-14 10:56:13', '2023-11-14 10:56:13'),
(451, 2, 483, 'deactive', NULL, '2023-11-14 10:56:16', '2023-11-14 10:56:46'),
(452, NULL, 484, 'deactive', NULL, '2023-11-14 11:18:04', '2023-11-14 11:18:04'),
(453, 2, 485, 'active', NULL, '2023-11-14 11:18:08', '2023-11-14 11:20:35'),
(454, 2, 486, 'active', NULL, '2023-11-14 11:18:49', '2023-11-14 11:20:29'),
(455, 2, 487, 'deactive', NULL, '2023-11-14 11:19:32', '2023-11-14 11:19:41'),
(456, 2, 488, 'active', NULL, '2023-11-14 11:27:20', '2023-11-14 11:27:33'),
(457, 2, 489, 'active', NULL, '2023-11-14 11:45:29', '2023-11-14 11:45:34'),
(458, NULL, 490, 'deactive', NULL, '2023-11-14 11:45:31', '2023-11-14 11:45:31'),
(459, 2, 491, 'active', NULL, '2023-11-14 11:45:42', '2023-11-14 11:45:43'),
(460, NULL, 492, 'deactive', NULL, '2023-11-15 12:11:45', '2023-11-15 12:11:45'),
(461, NULL, 493, 'deactive', NULL, '2023-11-15 12:11:52', '2023-11-15 12:11:52'),
(462, NULL, 494, 'deactive', NULL, '2023-11-15 12:12:03', '2023-11-15 12:12:03'),
(463, NULL, 495, 'deactive', NULL, '2023-11-15 12:13:41', '2023-11-15 12:13:41'),
(464, 2, 496, 'active', NULL, '2023-11-15 12:14:16', '2023-11-15 12:14:24'),
(465, NULL, 497, 'deactive', NULL, '2023-11-15 12:15:31', '2023-11-15 12:15:31'),
(466, NULL, 498, 'deactive', NULL, '2023-11-15 12:15:35', '2023-11-15 12:15:35'),
(467, NULL, 499, 'deactive', NULL, '2023-11-15 12:15:37', '2023-11-15 12:15:37'),
(468, NULL, 500, 'deactive', NULL, '2023-11-16 08:20:51', '2023-11-16 08:20:51'),
(469, NULL, 501, 'deactive', NULL, '2023-11-16 08:21:15', '2023-11-16 08:21:15'),
(470, NULL, 502, 'deactive', NULL, '2023-11-16 08:28:59', '2023-11-16 08:28:59'),
(471, NULL, 503, 'deactive', NULL, '2023-11-16 08:29:40', '2023-11-16 08:29:40'),
(472, NULL, 504, 'deactive', NULL, '2023-11-16 08:29:50', '2023-11-16 08:29:50'),
(473, NULL, 505, 'deactive', NULL, '2023-11-16 08:29:52', '2023-11-16 08:29:52'),
(474, NULL, 506, 'deactive', NULL, '2023-11-16 08:29:54', '2023-11-16 08:29:54'),
(475, NULL, 507, 'deactive', NULL, '2023-11-16 08:30:04', '2023-11-16 08:30:04'),
(476, NULL, 508, 'deactive', NULL, '2023-11-16 08:30:43', '2023-11-16 08:30:43'),
(477, 2, 509, 'deactive', NULL, '2023-11-16 08:31:21', '2023-11-16 11:47:10'),
(478, NULL, 510, 'deactive', NULL, '2023-11-16 11:56:46', '2023-11-16 11:56:46'),
(479, 2, 511, 'active', NULL, '2023-11-16 11:56:52', '2023-11-16 11:56:56'),
(480, 2, 512, 'deactive', NULL, '2023-11-16 11:59:04', '2023-11-16 11:59:25'),
(481, 2, 513, 'active', NULL, '2023-11-16 12:47:20', '2023-11-16 12:47:22'),
(482, NULL, 514, 'deactive', NULL, '2023-11-17 04:58:34', '2023-11-17 04:58:34'),
(483, 2, 515, 'deactive', NULL, '2023-11-17 04:58:39', '2023-11-17 04:59:51');

-- --------------------------------------------------------

--
-- Table structure for table `failed_jobs`
--

CREATE TABLE `failed_jobs` (
  `id` bigint(20) UNSIGNED NOT NULL,
  `uuid` varchar(255) NOT NULL,
  `connection` text NOT NULL,
  `queue` text NOT NULL,
  `payload` longtext NOT NULL,
  `exception` longtext NOT NULL,
  `failed_at` timestamp NOT NULL DEFAULT current_timestamp()
) ENGINE=InnoDB DEFAULT CHARSET=utf8mb4 COLLATE=utf8mb4_unicode_ci;

-- --------------------------------------------------------

--
-- Table structure for table `messages`
--

CREATE TABLE `messages` (
  `id` bigint(20) UNSIGNED NOT NULL,
  `chat_id` bigint(20) UNSIGNED NOT NULL,
  `from` varchar(255) NOT NULL,
  `message` varchar(255) NOT NULL,
  `status` enum('active','deactive') NOT NULL DEFAULT 'active',
  `deleted_at` timestamp NULL DEFAULT NULL,
  `created_at` timestamp NULL DEFAULT NULL,
  `updated_at` timestamp NULL DEFAULT NULL
) ENGINE=InnoDB DEFAULT CHARSET=utf8mb4 COLLATE=utf8mb4_unicode_ci;

--
-- Dumping data for table `messages`
--

INSERT INTO `messages` (`id`, `chat_id`, `from`, `message`, `status`, `deleted_at`, `created_at`, `updated_at`) VALUES
(180, 125, '157', 'Hi', 'active', NULL, '2023-10-25 08:26:55', '2023-10-25 08:26:55'),
(181, 125, '157', 'Hello', 'active', NULL, '2023-10-25 08:28:11', '2023-10-25 08:28:11'),
(182, 125, '1', 'good', 'active', NULL, '2023-10-25 08:28:26', '2023-10-25 08:28:26'),
(183, 125, '157', 'how', 'active', NULL, '2023-10-25 08:28:39', '2023-10-25 08:28:39'),
(184, 126, '158', 'Hi', 'active', NULL, '2023-10-25 08:28:51', '2023-10-25 08:28:51'),
(185, 132, '1', 'Hi', 'active', NULL, '2023-10-25 09:01:49', '2023-10-25 09:01:49'),
(186, 132, '1', 'hello', 'active', NULL, '2023-10-25 09:02:05', '2023-10-25 09:02:05'),
(187, 132, '1', 'How about you', 'active', NULL, '2023-10-25 09:02:08', '2023-10-25 09:02:08'),
(188, 132, '1', 'testing', 'active', NULL, '2023-10-25 09:02:14', '2023-10-25 09:02:14'),
(189, 132, '164', 'are you testing', 'active', NULL, '2023-10-25 09:02:23', '2023-10-25 09:02:23'),
(190, 132, '1', 'yeah i am testing', 'active', NULL, '2023-10-25 09:02:30', '2023-10-25 09:02:30'),
(191, 132, '1', 'what are u doing', 'active', NULL, '2023-10-25 09:02:38', '2023-10-25 09:02:38'),
(192, 133, '1', 'hi looking for boxes', 'active', NULL, '2023-10-25 09:09:38', '2023-10-25 09:09:38'),
(193, 133, '1', 'Hi', 'active', NULL, '2023-10-25 09:40:46', '2023-10-25 09:40:46'),
(194, 133, '1', 'fewg', 'active', NULL, '2023-10-25 09:40:49', '2023-10-25 09:40:49'),
(195, 133, '1', 'hello', 'active', NULL, '2023-10-25 09:40:52', '2023-10-25 09:40:52'),
(196, 133, '1', 'hello how', 'active', NULL, '2023-10-25 09:40:54', '2023-10-25 09:40:54'),
(197, 133, '1', 'How about you', 'active', NULL, '2023-10-25 09:40:58', '2023-10-25 09:40:58'),
(198, 133, '1', 'fewg', 'active', NULL, '2023-10-25 09:41:02', '2023-10-25 09:41:02'),
(199, 133, '1', 'egwegewg', 'active', NULL, '2023-10-25 09:41:27', '2023-10-25 09:41:27'),
(200, 133, '1', 'fewg', 'active', NULL, '2023-10-25 09:41:31', '2023-10-25 09:41:31'),
(201, 133, '1', 'How about you', 'active', NULL, '2023-10-25 09:44:46', '2023-10-25 09:44:46'),
(202, 133, '1', 'hi', 'active', NULL, '2023-10-25 09:44:56', '2023-10-25 09:44:56'),
(203, 133, '1', 'hi', 'active', NULL, '2023-10-25 09:44:58', '2023-10-25 09:44:58'),
(204, 133, '1', 'How about you', 'active', NULL, '2023-10-25 09:45:01', '2023-10-25 09:45:01'),
(205, 133, '1', 'egwegewg', 'active', NULL, '2023-10-25 09:45:04', '2023-10-25 09:45:04'),
(206, 133, '1', 'egwegewg', 'active', NULL, '2023-10-25 09:45:06', '2023-10-25 09:45:06'),
(207, 133, '1', 'How about you', 'active', NULL, '2023-10-25 09:45:08', '2023-10-25 09:45:08'),
(208, 133, '1', 'fewg', 'active', NULL, '2023-10-25 09:45:16', '2023-10-25 09:45:16'),
(209, 133, '1', 'How about you', 'active', NULL, '2023-10-25 10:09:20', '2023-10-25 10:09:20'),
(210, 133, '1', 'hello', 'active', NULL, '2023-10-25 10:09:24', '2023-10-25 10:09:24'),
(211, 133, '1', 'How about you', 'active', NULL, '2023-10-25 10:09:27', '2023-10-25 10:09:27'),
(212, 133, '1', 'd', 'active', NULL, '2023-10-25 10:09:30', '2023-10-25 10:09:30'),
(213, 133, '1', 'k', 'active', NULL, '2023-10-25 10:09:32', '2023-10-25 10:09:32'),
(214, 133, '1', 'k\'', 'active', NULL, '2023-10-25 10:09:35', '2023-10-25 10:09:35'),
(215, 133, '1', 'j', 'active', NULL, '2023-10-25 10:09:37', '2023-10-25 10:09:37'),
(216, 133, '1', 'k', 'active', NULL, '2023-10-25 10:09:41', '2023-10-25 10:09:41'),
(217, 133, '1', 'How about you', 'active', NULL, '2023-10-25 10:10:30', '2023-10-25 10:10:30'),
(218, 133, '1', 'How about you', 'active', NULL, '2023-10-25 10:10:35', '2023-10-25 10:10:35'),
(219, 133, '1', 'hi', 'active', NULL, '2023-10-25 10:10:38', '2023-10-25 10:10:38'),
(220, 133, '1', 'How about you', 'active', NULL, '2023-10-25 10:10:41', '2023-10-25 10:10:41'),
(221, 133, '1', 'hello', 'active', NULL, '2023-10-25 10:42:42', '2023-10-25 10:42:42'),
(222, 133, '1', 'How about you', 'active', NULL, '2023-10-25 10:42:50', '2023-10-25 10:42:50'),
(223, 133, '1', 'How about you', 'active', NULL, '2023-10-25 10:44:48', '2023-10-25 10:44:48'),
(224, 133, '1', 'hello', 'active', NULL, '2023-10-25 10:44:52', '2023-10-25 10:44:52'),
(225, 133, '1', 'hello', 'active', NULL, '2023-10-25 10:44:56', '2023-10-25 10:44:56'),
(226, 133, '1', 'how are doing', 'active', NULL, '2023-10-25 10:45:03', '2023-10-25 10:45:03'),
(227, 133, '165', 'doing good', 'active', NULL, '2023-10-25 10:45:24', '2023-10-25 10:45:24'),
(228, 134, '166', 'Hi', 'active', NULL, '2023-10-25 10:49:28', '2023-10-25 10:49:28'),
(229, 136, '168', 'hello', 'active', NULL, '2023-10-25 10:57:19', '2023-10-25 10:57:19'),
(230, 136, '168', 'hello', 'active', NULL, '2023-10-25 10:57:23', '2023-10-25 10:57:23'),
(231, 136, '168', 'hello', 'active', NULL, '2023-10-25 10:57:25', '2023-10-25 10:57:25'),
(232, 136, '168', 'hello', 'active', NULL, '2023-10-25 10:57:28', '2023-10-25 10:57:28'),
(233, 136, '168', 'how are u', 'active', NULL, '2023-10-25 10:57:33', '2023-10-25 10:57:33'),
(234, 133, '1', 'I am good', 'active', NULL, '2023-10-25 10:57:54', '2023-10-25 10:57:54'),
(235, 133, '1', 'I am good', 'active', NULL, '2023-10-25 10:57:55', '2023-10-25 10:57:55'),
(236, 136, '1', 'I am good', 'active', NULL, '2023-10-25 10:57:55', '2023-10-25 10:57:55'),
(237, 136, '168', 'thats very cool', 'active', NULL, '2023-10-25 10:58:11', '2023-10-25 10:58:11'),
(238, 133, '1', 'Are you looking for custom boxes', 'active', NULL, '2023-10-25 10:58:36', '2023-10-25 10:58:36'),
(239, 133, '1', 'Are you looking for custom boxes', 'active', NULL, '2023-10-25 10:58:37', '2023-10-25 10:58:37'),
(240, 136, '1', 'Are you looking for custom boxes', 'active', NULL, '2023-10-25 10:58:37', '2023-10-25 10:58:37'),
(241, 136, '168', 'No i am here to gather information for my design', 'active', NULL, '2023-10-25 10:59:01', '2023-10-25 10:59:01'),
(242, 133, '1', 'How are you', 'active', NULL, '2023-10-25 11:55:35', '2023-10-25 11:55:35'),
(243, 133, '1', 'How are you', 'active', NULL, '2023-10-25 11:55:37', '2023-10-25 11:55:37'),
(244, 136, '1', 'How are you', 'active', NULL, '2023-10-25 11:55:40', '2023-10-25 11:55:40'),
(245, 136, '1', 'Hi', 'active', NULL, '2023-10-25 11:56:39', '2023-10-25 11:56:39'),
(246, 136, '1', 'how are u', 'active', NULL, '2023-10-25 11:56:48', '2023-10-25 11:56:48'),
(247, 136, '1', 'what are u', 'active', NULL, '2023-10-25 11:56:56', '2023-10-25 11:56:56'),
(248, 136, '1', 'hi', 'active', NULL, '2023-10-25 11:57:04', '2023-10-25 11:57:04'),
(249, 136, '1', 'gdsadsad', 'active', NULL, '2023-10-25 11:57:18', '2023-10-25 11:57:18'),
(250, 136, '1', 'hello', 'active', NULL, '2023-10-25 12:08:50', '2023-10-25 12:08:50'),
(251, 136, '1', 'hi', 'active', NULL, '2023-10-25 12:08:58', '2023-10-25 12:08:58'),
(252, 136, '1', 'are u there', 'active', NULL, '2023-10-25 12:09:07', '2023-10-25 12:09:07'),
(253, 136, '1', 'hi', 'active', NULL, '2023-10-25 12:10:00', '2023-10-25 12:10:00'),
(254, 175, '207', 'hi', 'active', NULL, '2023-10-26 08:01:09', '2023-10-26 08:01:09'),
(255, 175, '207', 'are you looking custom boxes', 'active', NULL, '2023-10-26 08:01:27', '2023-10-26 08:01:27'),
(256, 175, '1', 'bdkjsahdjsa', 'active', NULL, '2023-10-26 08:16:48', '2023-10-26 08:16:48'),
(257, 175, '1', 'bdkjsahdjsa', 'active', NULL, '2023-10-26 08:16:48', '2023-10-26 08:16:48'),
(258, 175, '1', 'dsdadsa', 'active', NULL, '2023-10-26 08:29:34', '2023-10-26 08:29:34'),
(259, 175, '1', 'Hi there \nAre you looking for boxes', 'active', NULL, '2023-10-26 08:45:09', '2023-10-26 08:45:09'),
(260, 175, '1', 'hi', 'active', NULL, '2023-10-26 08:47:07', '2023-10-26 08:47:07'),
(261, 191, '1', 'Hi there \nU looking for boxes', 'active', NULL, '2023-10-26 12:09:16', '2023-10-26 12:09:16'),
(262, 191, '223', 'Hi', 'active', NULL, '2023-10-26 12:09:24', '2023-10-26 12:09:24'),
(263, 191, '1', 'Ok', 'active', NULL, '2023-10-26 12:09:35', '2023-10-26 12:09:35'),
(264, 191, '1', 'sadsa', 'active', NULL, '2023-10-26 12:09:48', '2023-10-26 12:09:48'),
(265, 191, '223', 'Hidsadsa', 'active', NULL, '2023-10-26 12:10:16', '2023-10-26 12:10:16'),
(266, 192, '224', 'egwegewg', 'active', NULL, '2023-10-27 06:48:12', '2023-10-27 06:48:12'),
(267, 192, '1', 'How are u', 'active', NULL, '2023-10-27 06:48:20', '2023-10-27 06:48:20'),
(268, 192, '1', 'Hi', 'active', NULL, '2023-10-27 10:21:31', '2023-10-27 10:21:31'),
(269, 192, '1', 'Hello', 'active', NULL, '2023-10-27 10:38:07', '2023-10-27 10:38:07'),
(270, 192, '1', 'j', 'active', NULL, '2023-10-27 10:41:08', '2023-10-27 10:41:08'),
(271, 193, '225', 'hi', 'active', NULL, '2023-10-27 11:24:54', '2023-10-27 11:24:54'),
(272, 192, '1', 'Hello how are you man?', 'active', NULL, '2023-10-27 11:42:37', '2023-10-27 11:42:37'),
(273, 192, '1', 'Hi', 'active', NULL, '2023-10-27 12:05:06', '2023-10-27 12:05:06'),
(274, 193, '1', 'sadsa', 'active', NULL, '2023-11-01 06:43:11', '2023-11-01 06:43:11'),
(275, 193, '1', 'hi', 'active', NULL, '2023-11-01 06:43:17', '2023-11-01 06:43:17'),
(276, 193, '1', 'hu', 'active', NULL, '2023-11-01 09:02:20', '2023-11-01 09:02:20'),
(277, 193, '1', 'hu', 'active', NULL, '2023-11-01 09:02:21', '2023-11-01 09:02:21'),
(278, 130, '1', 'hu', 'active', NULL, '2023-11-01 09:02:22', '2023-11-01 09:02:22'),
(279, 163, '1', 'hu', 'active', NULL, '2023-11-01 09:02:22', '2023-11-01 09:02:22'),
(280, 193, '1', 'i', 'active', NULL, '2023-11-01 09:02:23', '2023-11-01 09:02:23'),
(281, 193, '1', 'i', 'active', NULL, '2023-11-01 09:02:24', '2023-11-01 09:02:24'),
(282, 130, '1', 'i', 'active', NULL, '2023-11-01 09:02:24', '2023-11-01 09:02:24'),
(283, 163, '1', 'i', 'active', NULL, '2023-11-01 09:02:25', '2023-11-01 09:02:25'),
(284, 193, '1', 'Hello', 'active', NULL, '2023-11-01 10:02:13', '2023-11-01 10:02:13'),
(285, 193, '1', 'Hello', 'active', NULL, '2023-11-01 10:02:14', '2023-11-01 10:02:14'),
(286, 130, '1', 'Hello', 'active', NULL, '2023-11-01 10:02:14', '2023-11-01 10:02:14'),
(287, 163, '1', 'Hello', 'active', NULL, '2023-11-01 10:02:15', '2023-11-01 10:02:15'),
(288, 193, '1', 'Heloo', 'active', NULL, '2023-11-01 10:03:39', '2023-11-01 10:03:39'),
(289, 193, '1', 'Heloo', 'active', NULL, '2023-11-01 10:03:39', '2023-11-01 10:03:39'),
(290, 130, '1', 'Heloo', 'active', NULL, '2023-11-01 10:03:40', '2023-11-01 10:03:40'),
(291, 194, '1', 'Heloo', 'active', NULL, '2023-11-01 10:03:41', '2023-11-01 10:03:41'),
(292, 163, '1', 'Heloo', 'active', NULL, '2023-11-01 10:03:41', '2023-11-01 10:03:41'),
(293, 163, '1', 'Heloo', 'active', NULL, '2023-11-01 10:03:42', '2023-11-01 10:03:42'),
(294, 163, '1', 'Heloo', 'active', NULL, '2023-11-01 10:03:42', '2023-11-01 10:03:42'),
(295, 163, '1', 'Heloo', 'active', NULL, '2023-11-01 10:03:43', '2023-11-01 10:03:43'),
(296, 193, '1', 'hooo', 'active', NULL, '2023-11-01 10:04:20', '2023-11-01 10:04:20'),
(297, 194, '1', 'hooo', 'active', NULL, '2023-11-01 10:04:21', '2023-11-01 10:04:21'),
(298, 163, '1', 'hooo', 'active', NULL, '2023-11-01 10:04:21', '2023-11-01 10:04:21'),
(299, 163, '1', 'hooo', 'active', NULL, '2023-11-01 10:04:22', '2023-11-01 10:04:22'),
(300, 130, '1', 'hooo', 'active', NULL, '2023-11-01 10:04:23', '2023-11-01 10:04:23'),
(301, 193, '1', 'hooo', 'active', NULL, '2023-11-01 10:04:23', '2023-11-01 10:04:23'),
(302, 163, '1', 'hooo', 'active', NULL, '2023-11-01 10:04:24', '2023-11-01 10:04:24'),
(303, 163, '1', 'hooo', 'active', NULL, '2023-11-01 10:04:25', '2023-11-01 10:04:25'),
(304, 163, '1', 'hi', 'active', NULL, '2023-11-01 12:10:48', '2023-11-01 12:10:48'),
(305, 163, '1', 'hi', 'active', NULL, '2023-11-01 12:10:49', '2023-11-01 12:10:49'),
(306, 163, '1', 'anybody there', 'active', NULL, '2023-11-01 12:11:24', '2023-11-01 12:11:24'),
(307, 163, '1', 'anybody there', 'active', NULL, '2023-11-01 12:11:25', '2023-11-01 12:11:25'),
(308, 163, '1', 'anybody there', 'active', NULL, '2023-11-01 12:11:26', '2023-11-01 12:11:26'),
(309, 163, '1', 'anybody there', 'active', NULL, '2023-11-01 12:11:26', '2023-11-01 12:11:26'),
(310, 198, '1', 'hi there\nAre you looking for custom boxes?', 'active', NULL, '2023-11-01 12:13:34', '2023-11-01 12:13:34'),
(311, 198, '1', 'sure sit let me show you', 'active', NULL, '2023-11-01 12:14:25', '2023-11-01 12:14:25'),
(312, 198, '1', 'You should try this', 'active', NULL, '2023-11-01 12:14:59', '2023-11-01 12:14:59'),
(313, 199, '1', 'hi', 'active', NULL, '2023-11-02 05:15:37', '2023-11-02 05:15:37'),
(314, 199, '1', 'hey', 'active', NULL, '2023-11-02 05:44:27', '2023-11-02 05:44:27'),
(315, 200, '1', 'hey', 'active', NULL, '2023-11-02 05:44:27', '2023-11-02 05:44:27'),
(316, 199, '1', 'hey', 'active', NULL, '2023-11-02 05:44:28', '2023-11-02 05:44:28'),
(317, 198, '1', 'hey', 'active', NULL, '2023-11-02 05:44:29', '2023-11-02 05:44:29'),
(318, 201, '1', 'hey', 'active', NULL, '2023-11-02 05:44:30', '2023-11-02 05:44:30'),
(319, 201, '1', 'o', 'active', NULL, '2023-11-02 05:45:18', '2023-11-02 05:45:18'),
(320, 201, '1', 'coming', 'active', NULL, '2023-11-02 05:46:55', '2023-11-02 05:46:55'),
(321, 207, '1', 'hi', 'active', NULL, '2023-11-02 06:07:56', '2023-11-02 06:07:56'),
(322, 207, '239', 'are u there', 'active', NULL, '2023-11-02 06:08:35', '2023-11-02 06:08:35'),
(323, 207, '239', 'are u there ok', 'active', NULL, '2023-11-02 06:08:50', '2023-11-02 06:08:50'),
(324, 207, '239', 'coming', 'active', NULL, '2023-11-02 06:09:28', '2023-11-02 06:09:28'),
(325, 207, '239', 'coming 1', 'active', NULL, '2023-11-02 06:32:29', '2023-11-02 06:32:29'),
(326, 207, '1', 'admin coming confirmed', 'active', NULL, '2023-11-02 06:32:45', '2023-11-02 06:32:45'),
(327, 207, '1', 'admin coming confirmed', 'active', NULL, '2023-11-02 06:32:45', '2023-11-02 06:32:45'),
(328, 208, '1', 'Hi', 'active', NULL, '2023-11-03 05:37:07', '2023-11-03 05:37:07'),
(329, 215, '1', 'Hi', 'active', NULL, '2023-11-06 04:54:56', '2023-11-06 04:54:56'),
(330, 215, '247', 'hello', 'active', NULL, '2023-11-06 04:55:03', '2023-11-06 04:55:03'),
(331, 215, '1', 'hi', 'active', NULL, '2023-11-06 05:02:21', '2023-11-06 05:02:21'),
(332, 216, '1', 'hi', 'active', NULL, '2023-11-06 05:02:21', '2023-11-06 05:02:21'),
(333, 216, '1', 'hi', 'active', NULL, '2023-11-06 05:02:22', '2023-11-06 05:02:22'),
(334, 216, '1', 'hi', 'active', NULL, '2023-11-06 05:02:23', '2023-11-06 05:02:23'),
(335, 216, '248', 'hello', 'active', NULL, '2023-11-06 05:02:31', '2023-11-06 05:02:31'),
(336, 215, '2', 'Are you looking for custom printed boxes?', 'active', NULL, '2023-11-06 05:03:58', '2023-11-06 05:03:58'),
(337, 216, '2', 'Are you looking for custom printed boxes?', 'active', NULL, '2023-11-06 05:03:58', '2023-11-06 05:03:58'),
(338, 215, '2', 'Are you looking for custom printed boxes?', 'active', NULL, '2023-11-06 05:03:59', '2023-11-06 05:03:59'),
(339, 216, '2', 'Are you looking for custom printed boxes?', 'active', NULL, '2023-11-06 05:04:00', '2023-11-06 05:04:00'),
(340, 216, '248', 'yeah sure', 'active', NULL, '2023-11-06 05:04:09', '2023-11-06 05:04:09'),
(341, 216, '248', 'thats good', 'active', NULL, '2023-11-06 05:04:25', '2023-11-06 05:04:25'),
(342, 216, '248', 'i am ready', 'active', NULL, '2023-11-06 05:05:35', '2023-11-06 05:05:35'),
(343, 216, '248', 'well are you ready to', 'active', NULL, '2023-11-06 05:05:54', '2023-11-06 05:05:54'),
(344, 216, '248', 'well are you ready to deal with me', 'active', NULL, '2023-11-06 05:05:59', '2023-11-06 05:05:59'),
(345, 216, '2', 'yes 100 percent sure and ready to deal with you.\nThat would be a life changing deal for me', 'active', NULL, '2023-11-06 05:07:14', '2023-11-06 05:07:14'),
(346, 218, '250', 'hi', 'active', NULL, '2023-11-06 07:56:57', '2023-11-06 07:56:57'),
(347, 218, '2', 'Hello', 'active', NULL, '2023-11-06 08:00:18', '2023-11-06 08:00:18'),
(348, 219, '251', 'hi', 'active', NULL, '2023-11-06 08:03:00', '2023-11-06 08:03:00'),
(349, 222, '2', 'hi', 'active', NULL, '2023-11-06 08:29:32', '2023-11-06 08:29:32'),
(350, 223, '2', 'hi', 'active', NULL, '2023-11-06 08:29:33', '2023-11-06 08:29:33'),
(351, 223, '255', 'hello', 'active', NULL, '2023-11-06 08:29:36', '2023-11-06 08:29:36'),
(352, 222, '2', 'hi', 'active', NULL, '2023-11-06 08:45:26', '2023-11-06 08:45:26'),
(353, 223, '2', 'hi', 'active', NULL, '2023-11-06 08:45:27', '2023-11-06 08:45:27'),
(354, 235, '2', 'hi', 'active', NULL, '2023-11-06 08:45:28', '2023-11-06 08:45:28'),
(355, 253, '285', 'egwegewg', 'active', NULL, '2023-11-06 12:11:16', '2023-11-06 12:11:16'),
(356, 253, '2', 'Hi there are you looking for custom boxes', 'active', NULL, '2023-11-06 12:12:50', '2023-11-06 12:12:50'),
(357, 254, '2', 'Hi there are you looking for custom boxes', 'active', NULL, '2023-11-06 12:12:51', '2023-11-06 12:12:51'),
(358, 254, '286', 'Yeah sure', 'active', NULL, '2023-11-06 12:12:56', '2023-11-06 12:12:56'),
(359, 253, '2', 'ok', 'active', NULL, '2023-11-06 12:13:14', '2023-11-06 12:13:14'),
(360, 254, '2', 'ok', 'active', NULL, '2023-11-06 12:13:15', '2023-11-06 12:13:15'),
(361, 253, '2', 'Hi there', 'active', NULL, '2023-11-06 12:13:37', '2023-11-06 12:13:37'),
(362, 254, '2', 'Hi there', 'active', NULL, '2023-11-06 12:13:38', '2023-11-06 12:13:38'),
(363, 255, '2', 'Hi there', 'active', NULL, '2023-11-06 12:13:39', '2023-11-06 12:13:39'),
(364, 253, '2', 'ok', 'active', NULL, '2023-11-06 12:13:44', '2023-11-06 12:13:44'),
(365, 255, '2', 'ok', 'active', NULL, '2023-11-06 12:13:44', '2023-11-06 12:13:44'),
(366, 254, '2', 'ok', 'active', NULL, '2023-11-06 12:13:45', '2023-11-06 12:13:45'),
(367, 255, '287', 'dsa', 'active', NULL, '2023-11-06 12:13:47', '2023-11-06 12:13:47'),
(368, 253, '2', 'Where', 'active', NULL, '2023-11-06 12:13:52', '2023-11-06 12:13:52'),
(369, 254, '2', 'Where', 'active', NULL, '2023-11-06 12:13:53', '2023-11-06 12:13:53'),
(370, 255, '2', 'Where', 'active', NULL, '2023-11-06 12:13:54', '2023-11-06 12:13:54'),
(371, 257, '2', 'hi', 'active', NULL, '2023-11-06 12:37:12', '2023-11-06 12:37:12'),
(372, 257, '289', 'hello', 'active', NULL, '2023-11-06 12:37:17', '2023-11-06 12:37:17'),
(373, 258, '2', 'dsad', 'active', NULL, '2023-11-06 12:44:43', '2023-11-06 12:44:43'),
(374, 258, '290', 'dsad', 'active', NULL, '2023-11-06 12:44:45', '2023-11-06 12:44:45'),
(375, 259, '2', 'hi', 'active', NULL, '2023-11-06 12:47:05', '2023-11-06 12:47:05'),
(376, 261, '2', 'hi', 'active', NULL, '2023-11-06 12:47:06', '2023-11-06 12:47:06'),
(377, 261, '293', 'hello', 'active', NULL, '2023-11-06 12:47:09', '2023-11-06 12:47:09'),
(378, 261, '293', 'ho', 'active', NULL, '2023-11-06 12:47:17', '2023-11-06 12:47:17'),
(379, 259, '2', 'sada', 'active', NULL, '2023-11-06 12:47:20', '2023-11-06 12:47:20'),
(380, 261, '2', 'sada', 'active', NULL, '2023-11-06 12:47:21', '2023-11-06 12:47:21'),
(381, 262, '2', 'dsa', 'active', NULL, '2023-11-06 12:50:35', '2023-11-06 12:50:35'),
(382, 264, '2', 'Hi', 'active', NULL, '2023-11-06 12:51:21', '2023-11-06 12:51:21'),
(383, 274, '306', 'user left', 'active', NULL, '2023-11-07 06:54:35', '2023-11-07 06:54:35'),
(384, 276, '2', 'Hi are you looking for custom printed boxes?', 'active', NULL, '2023-11-07 07:03:40', '2023-11-07 07:03:40'),
(385, 276, '308', 'Yeah sure', 'active', NULL, '2023-11-07 07:03:46', '2023-11-07 07:03:46'),
(386, 276, '2', 'Ok ready', 'active', NULL, '2023-11-07 07:03:52', '2023-11-07 07:03:52'),
(388, 276, '308', 'user left', 'active', NULL, '2023-11-07 07:05:25', '2023-11-07 07:05:25'),
(389, 277, '309', 'user left', 'active', NULL, '2023-11-07 12:31:44', '2023-11-07 12:31:44'),
(390, 278, '310', 'user left', 'active', NULL, '2023-11-07 12:31:53', '2023-11-07 12:31:53'),
(391, 279, '311', 'user left', 'active', NULL, '2023-11-07 12:33:40', '2023-11-07 12:33:40'),
(392, 280, '312', 'user left', 'active', NULL, '2023-11-07 12:34:37', '2023-11-07 12:34:37'),
(393, 282, '314', 'user left', 'active', NULL, '2023-11-07 12:36:01', '2023-11-07 12:36:01'),
(394, 283, '315', 'user left', 'active', NULL, '2023-11-07 12:43:13', '2023-11-07 12:43:13'),
(395, 284, '316', 'user left', 'active', NULL, '2023-11-07 12:50:14', '2023-11-07 12:50:14'),
(396, 285, '317', 'user left', 'active', NULL, '2023-11-07 12:51:04', '2023-11-07 12:51:04'),
(397, 288, '320', 'user left', 'active', NULL, '2023-11-07 12:51:52', '2023-11-07 12:51:52'),
(398, 289, '321', 'user left', 'active', NULL, '2023-11-07 12:54:10', '2023-11-07 12:54:10'),
(399, 293, '325', 'user left', 'active', NULL, '2023-11-10 07:54:09', '2023-11-10 07:54:09'),
(400, 294, '326', 'user left', 'active', NULL, '2023-11-10 08:05:20', '2023-11-10 08:05:20'),
(401, 295, '327', 'user left', 'active', NULL, '2023-11-10 08:06:43', '2023-11-10 08:06:43'),
(402, 296, '328', 'user left', 'active', NULL, '2023-11-10 08:07:44', '2023-11-10 08:07:44'),
(403, 297, '329', 'user left', 'active', NULL, '2023-11-10 08:11:22', '2023-11-10 08:11:22'),
(404, 299, '331', 'user left', 'active', NULL, '2023-11-10 08:15:31', '2023-11-10 08:15:31'),
(405, 300, '332', 'user left', 'active', NULL, '2023-11-10 08:25:50', '2023-11-10 08:25:50'),
(406, 301, '333', 'user left', 'active', NULL, '2023-11-10 08:26:11', '2023-11-10 08:26:11'),
(407, 302, '334', 'user left', 'active', NULL, '2023-11-10 08:29:33', '2023-11-10 08:29:33'),
(408, 303, '335', 'user left', 'active', NULL, '2023-11-10 08:30:29', '2023-11-10 08:30:29'),
(409, 304, '336', 'user left', 'active', NULL, '2023-11-10 08:30:40', '2023-11-10 08:30:40'),
(410, 305, '337', 'user left', 'active', NULL, '2023-11-10 08:31:07', '2023-11-10 08:31:07'),
(411, 306, '338', 'user left', 'active', NULL, '2023-11-10 08:31:22', '2023-11-10 08:31:22'),
(412, 307, '339', 'user left', 'active', NULL, '2023-11-10 08:40:06', '2023-11-10 08:40:06'),
(413, 308, '340', 'user left', 'active', NULL, '2023-11-10 08:40:31', '2023-11-10 08:40:31'),
(414, 310, '342', 'user left', 'active', NULL, '2023-11-10 08:41:35', '2023-11-10 08:41:35'),
(415, 311, '343', 'user left', 'active', NULL, '2023-11-10 08:47:12', '2023-11-10 08:47:12'),
(416, 312, '344', 'user left', 'active', NULL, '2023-11-10 08:49:01', '2023-11-10 08:49:01'),
(417, 313, '345', 'user left', 'active', NULL, '2023-11-10 08:49:32', '2023-11-10 08:49:32'),
(418, 313, '2', 'Hello', 'active', NULL, '2023-11-10 08:50:06', '2023-11-10 08:50:06'),
(419, 314, '2', 'Hello', 'active', NULL, '2023-11-10 08:50:07', '2023-11-10 08:50:07'),
(420, 314, '346', 'Hi', 'active', NULL, '2023-11-10 08:50:11', '2023-11-10 08:50:11'),
(421, 317, '349', 'user left', 'active', NULL, '2023-11-10 11:53:51', '2023-11-10 11:53:51'),
(422, 318, '350', 'user left', 'active', NULL, '2023-11-10 11:54:20', '2023-11-10 11:54:20'),
(423, 319, '351', 'user left', 'active', NULL, '2023-11-10 11:54:32', '2023-11-10 11:54:32'),
(424, 320, '352', 'user left', 'active', NULL, '2023-11-10 11:54:48', '2023-11-10 11:54:48'),
(425, 319, '2', 'HI THERE LOOKING', 'active', NULL, '2023-11-10 11:57:45', '2023-11-10 11:57:45'),
(426, 320, '2', 'HI THERE LOOKING', 'active', NULL, '2023-11-10 11:57:46', '2023-11-10 11:57:46'),
(427, 320, '2', 'HI THERE LOOKING', 'active', NULL, '2023-11-10 11:57:48', '2023-11-10 11:57:48'),
(428, 319, '2', 'HI THERE LOOKING', 'active', NULL, '2023-11-10 11:57:49', '2023-11-10 11:57:49'),
(429, 322, '2', 'HI THERE LOOKING', 'active', NULL, '2023-11-10 11:57:50', '2023-11-10 11:57:50'),
(430, 322, '354', 'user left', 'active', NULL, '2023-11-10 11:57:59', '2023-11-10 11:57:59'),
(431, 323, '355', 'user left', 'active', NULL, '2023-11-10 12:13:48', '2023-11-10 12:13:48'),
(432, 324, '356', 'user left', 'active', NULL, '2023-11-10 12:20:19', '2023-11-10 12:20:19'),
(433, 325, '357', 'user left', 'active', NULL, '2023-11-10 12:22:27', '2023-11-10 12:22:27'),
(434, 326, '358', 'user left', 'active', NULL, '2023-11-10 12:25:18', '2023-11-10 12:25:18'),
(435, 327, '359', 'user left', 'active', NULL, '2023-11-10 12:29:16', '2023-11-10 12:29:16'),
(436, 329, '361', 'user left', 'active', NULL, '2023-11-10 12:30:43', '2023-11-10 12:30:43'),
(437, 332, '364', 'user left', 'active', NULL, '2023-11-10 12:32:33', '2023-11-10 12:32:33'),
(438, 333, '365', 'user left', 'active', NULL, '2023-11-10 12:32:39', '2023-11-10 12:32:39'),
(439, 334, '366', 'user left', 'active', NULL, '2023-11-10 12:33:50', '2023-11-10 12:33:50'),
(440, 335, '367', 'user left', 'active', NULL, '2023-11-10 12:33:57', '2023-11-10 12:33:57'),
(441, 336, '368', 'user left', 'active', NULL, '2023-11-10 12:34:58', '2023-11-10 12:34:58'),
(442, 337, '369', 'user left', 'active', NULL, '2023-11-13 05:59:54', '2023-11-13 05:59:54'),
(443, 338, '370', 'user left', 'active', NULL, '2023-11-13 08:11:14', '2023-11-13 08:11:14'),
(444, 339, '371', 'user left', 'active', NULL, '2023-11-13 08:12:06', '2023-11-13 08:12:06'),
(445, 341, '373', 'user left', 'active', NULL, '2023-11-13 08:42:59', '2023-11-13 08:42:59'),
(446, 342, '374', 'user left', 'active', NULL, '2023-11-13 08:43:08', '2023-11-13 08:43:08'),
(447, 343, '375', 'user left', 'active', NULL, '2023-11-13 10:16:58', '2023-11-13 10:16:58'),
(448, 344, '376', 'user left', 'active', NULL, '2023-11-13 10:19:47', '2023-11-13 10:19:47'),
(449, 345, '377', 'user left', 'active', NULL, '2023-11-13 10:20:08', '2023-11-13 10:20:08'),
(450, 346, '378', 'user left', 'active', NULL, '2023-11-13 10:20:13', '2023-11-13 10:20:13'),
(451, 347, '379', 'user left', 'active', NULL, '2023-11-13 10:52:51', '2023-11-13 10:52:51'),
(452, 348, '380', 'user left', 'active', NULL, '2023-11-13 10:58:48', '2023-11-13 10:58:48'),
(453, 349, '381', 'user left', 'active', NULL, '2023-11-13 10:59:25', '2023-11-13 10:59:25'),
(454, 350, '382', 'user left', 'active', NULL, '2023-11-13 11:05:50', '2023-11-13 11:05:50'),
(455, 351, '383', 'user left', 'active', NULL, '2023-11-13 11:43:54', '2023-11-13 11:43:54'),
(456, 352, '384', 'user left', 'active', NULL, '2023-11-13 11:44:01', '2023-11-13 11:44:01'),
(457, 353, '385', 'user left', 'active', NULL, '2023-11-13 11:44:04', '2023-11-13 11:44:04'),
(458, 354, '386', 'user left', 'active', NULL, '2023-11-13 11:44:10', '2023-11-13 11:44:10'),
(459, 355, '387', 'user left', 'active', NULL, '2023-11-13 11:50:39', '2023-11-13 11:50:39'),
(460, 359, '391', 'user left', 'active', NULL, '2023-11-14 04:53:51', '2023-11-14 04:53:51'),
(461, 360, '392', 'user left', 'active', NULL, '2023-11-14 04:54:08', '2023-11-14 04:54:08'),
(462, 361, '393', 'user left', 'active', NULL, '2023-11-14 04:54:12', '2023-11-14 04:54:12'),
(463, 362, '394', 'user left', 'active', NULL, '2023-11-14 04:54:54', '2023-11-14 04:54:54'),
(464, 363, '395', 'user left', 'active', NULL, '2023-11-14 04:55:00', '2023-11-14 04:55:00'),
(465, 365, '397', 'user left', 'active', NULL, '2023-11-14 04:55:16', '2023-11-14 04:55:16'),
(466, 366, '398', 'user left', 'active', NULL, '2023-11-14 05:06:42', '2023-11-14 05:06:42'),
(467, 367, '399', 'user left', 'active', NULL, '2023-11-14 05:06:54', '2023-11-14 05:06:54'),
(468, 368, '400', 'user left', 'active', NULL, '2023-11-14 05:22:33', '2023-11-14 05:22:33'),
(469, 369, '401', 'user left', 'active', NULL, '2023-11-14 05:23:38', '2023-11-14 05:23:38'),
(470, 371, '403', 'user left', 'active', NULL, '2023-11-14 05:23:56', '2023-11-14 05:23:56'),
(471, 372, '404', 'user left', 'active', NULL, '2023-11-14 05:25:05', '2023-11-14 05:25:05'),
(472, 373, '405', 'user left', 'active', NULL, '2023-11-14 05:48:39', '2023-11-14 05:48:39'),
(473, 373, '2', 'Hi there  are you looking for custom boxes?', 'active', NULL, '2023-11-14 06:01:10', '2023-11-14 06:01:10'),
(474, 374, '2', 'Hi there  are you looking for custom boxes?', 'active', NULL, '2023-11-14 06:01:11', '2023-11-14 06:01:11'),
(475, 374, '406', 'yeah sure', 'active', NULL, '2023-11-14 06:01:16', '2023-11-14 06:01:16'),
(476, 373, '2', 'what would you like ?', 'active', NULL, '2023-11-14 06:01:29', '2023-11-14 06:01:29'),
(477, 374, '2', 'what would you like ?', 'active', NULL, '2023-11-14 06:01:30', '2023-11-14 06:01:30'),
(478, 374, '406', 'i would like a rigid boxes?', 'active', NULL, '2023-11-14 06:03:03', '2023-11-14 06:03:03'),
(479, 374, '406', 'user left', 'active', NULL, '2023-11-14 06:25:20', '2023-11-14 06:25:20'),
(480, 376, '408', 'dsa', 'active', NULL, '2023-11-14 06:25:33', '2023-11-14 06:25:33'),
(481, 377, '409', 'user left', 'active', NULL, '2023-11-14 06:25:41', '2023-11-14 06:25:41'),
(482, 375, '407', 'user left', 'active', NULL, '2023-11-14 06:25:42', '2023-11-14 06:25:42'),
(483, 376, '408', 'user left', 'active', NULL, '2023-11-14 06:25:44', '2023-11-14 06:25:44'),
(484, 379, '411', 'user left', 'active', NULL, '2023-11-14 06:27:12', '2023-11-14 06:27:12'),
(485, 380, '412', 'Hi', 'active', NULL, '2023-11-14 06:27:18', '2023-11-14 06:27:18'),
(486, 381, '413', 'user left', 'active', NULL, '2023-11-14 06:27:29', '2023-11-14 06:27:29'),
(487, 380, '412', 'user left', 'active', NULL, '2023-11-14 06:28:37', '2023-11-14 06:28:37'),
(488, 383, '415', 'hi', 'active', NULL, '2023-11-14 06:29:00', '2023-11-14 06:29:00'),
(489, 383, '2', 'are you looking for boxes', 'active', NULL, '2023-11-14 06:29:42', '2023-11-14 06:29:42'),
(490, 384, '416', 'Hi \ndsad', 'active', NULL, '2023-11-14 06:32:57', '2023-11-14 06:32:57'),
(491, 384, '416', 'Hi yes i am sure', 'active', NULL, '2023-11-14 06:34:18', '2023-11-14 06:34:18'),
(492, 386, '418', 'hi', 'active', NULL, '2023-11-14 06:34:51', '2023-11-14 06:34:51'),
(493, 386, '418', 'user left', 'active', NULL, '2023-11-14 07:06:54', '2023-11-14 07:06:54'),
(494, 387, '419', 'user left', 'active', NULL, '2023-11-14 07:07:44', '2023-11-14 07:07:44'),
(495, 388, '420', 'user left', 'active', NULL, '2023-11-14 07:07:48', '2023-11-14 07:07:48'),
(496, 389, '421', 'user left', 'active', NULL, '2023-11-14 07:07:52', '2023-11-14 07:07:52'),
(497, 390, '422', 'user left', 'active', NULL, '2023-11-14 07:09:18', '2023-11-14 07:09:18'),
(498, 391, '423', 'user left', 'active', NULL, '2023-11-14 07:45:40', '2023-11-14 07:45:40'),
(499, 392, '424', 'user left', 'active', NULL, '2023-11-14 07:45:44', '2023-11-14 07:45:44'),
(500, 393, '425', 'user left', 'active', NULL, '2023-11-14 07:45:48', '2023-11-14 07:45:48'),
(501, 394, '426', 'user left', 'active', NULL, '2023-11-14 07:46:44', '2023-11-14 07:46:44'),
(502, 395, '427', 'user left', 'active', NULL, '2023-11-14 07:46:57', '2023-11-14 07:46:57'),
(503, 396, '428', 'user left', 'active', NULL, '2023-11-14 07:47:12', '2023-11-14 07:47:12'),
(504, 397, '429', 'user left', 'active', NULL, '2023-11-14 07:47:18', '2023-11-14 07:47:18'),
(505, 398, '430', 'user left', 'active', NULL, '2023-11-14 08:01:06', '2023-11-14 08:01:06'),
(506, 399, '431', 'user left', 'active', NULL, '2023-11-14 08:01:25', '2023-11-14 08:01:25'),
(507, 401, '433', 'user left', 'active', NULL, '2023-11-14 08:02:54', '2023-11-14 08:02:54'),
(508, 402, '434', 'user left', 'active', NULL, '2023-11-14 08:03:12', '2023-11-14 08:03:12'),
(509, 403, '435', 'user left', 'active', NULL, '2023-11-14 08:23:22', '2023-11-14 08:23:22'),
(510, 404, '436', 'hi', 'active', NULL, '2023-11-14 08:23:37', '2023-11-14 08:23:37'),
(511, 403, '2', 'hello', 'active', NULL, '2023-11-14 08:23:52', '2023-11-14 08:23:52'),
(512, 403, '2', 'hello', 'active', NULL, '2023-11-14 08:28:52', '2023-11-14 08:28:52'),
(513, 404, '2', 'hello', 'active', NULL, '2023-11-14 08:28:52', '2023-11-14 08:28:52'),
(514, 404, '436', 'how r u', 'active', NULL, '2023-11-14 08:30:06', '2023-11-14 08:30:06'),
(515, 404, '436', 'user left', 'active', NULL, '2023-11-14 08:51:20', '2023-11-14 08:51:20'),
(516, 405, '437', 'hi', 'active', NULL, '2023-11-14 08:51:53', '2023-11-14 08:51:53'),
(517, 405, '2', 'hi', 'active', NULL, '2023-11-14 08:52:59', '2023-11-14 08:52:59'),
(518, 405, '437', 'user left', 'active', NULL, '2023-11-14 08:53:49', '2023-11-14 08:53:49'),
(519, 406, '2', 'hi', 'active', NULL, '2023-11-14 08:53:55', '2023-11-14 08:53:55'),
(520, 406, '2', 'hello', 'active', NULL, '2023-11-14 08:54:09', '2023-11-14 08:54:09'),
(521, 406, '438', 'user left', 'active', NULL, '2023-11-14 08:58:13', '2023-11-14 08:58:13'),
(522, 407, '439', 'hi', 'active', NULL, '2023-11-14 08:58:25', '2023-11-14 08:58:25'),
(523, 407, '439', 'user left', 'active', NULL, '2023-11-14 09:00:01', '2023-11-14 09:00:01'),
(524, 408, '2', 'hi', 'active', NULL, '2023-11-14 09:00:08', '2023-11-14 09:00:08'),
(525, 408, '2', 'hello buddy', 'active', NULL, '2023-11-14 09:01:05', '2023-11-14 09:01:05'),
(526, 408, '2', 'hello buddy', 'active', NULL, '2023-11-14 09:01:06', '2023-11-14 09:01:06'),
(527, 408, '2', 'hello buddy', 'active', NULL, '2023-11-14 09:01:07', '2023-11-14 09:01:07'),
(528, 408, '2', 'hello buddy', 'active', NULL, '2023-11-14 09:01:07', '2023-11-14 09:01:07'),
(529, 408, '440', 'user left', 'active', NULL, '2023-11-14 09:02:34', '2023-11-14 09:02:34'),
(530, 409, '2', 'hi', 'active', NULL, '2023-11-14 09:02:41', '2023-11-14 09:02:41'),
(531, 409, '441', 'user left', 'active', NULL, '2023-11-14 09:03:04', '2023-11-14 09:03:04'),
(532, 410, '442', 'user left', 'active', NULL, '2023-11-14 09:03:30', '2023-11-14 09:03:30'),
(533, 411, '443', 'user left', 'active', NULL, '2023-11-14 09:03:33', '2023-11-14 09:03:33'),
(534, 412, '444', 'hi', 'active', NULL, '2023-11-14 09:04:08', '2023-11-14 09:04:08'),
(535, 412, '444', 'user left', 'active', NULL, '2023-11-14 09:05:48', '2023-11-14 09:05:48'),
(536, 413, '445', 'user left', 'active', NULL, '2023-11-14 09:05:57', '2023-11-14 09:05:57'),
(537, 414, '446', 'hi', 'active', NULL, '2023-11-14 09:06:04', '2023-11-14 09:06:04'),
(538, 414, '446', 'user left', 'active', NULL, '2023-11-14 09:07:34', '2023-11-14 09:07:34'),
(539, 415, '2', 'hi', 'active', NULL, '2023-11-14 09:07:41', '2023-11-14 09:07:41'),
(540, 415, '2', 'hi', 'active', NULL, '2023-11-14 09:08:13', '2023-11-14 09:08:13'),
(541, 415, '447', 'user left', 'active', NULL, '2023-11-14 09:08:31', '2023-11-14 09:08:31'),
(542, 416, '2', 'hi', 'active', NULL, '2023-11-14 09:08:46', '2023-11-14 09:08:46'),
(543, 416, '448', 'hwlooo', 'active', NULL, '2023-11-14 09:08:54', '2023-11-14 09:08:54'),
(544, 416, '448', 'user left', 'active', NULL, '2023-11-14 09:15:21', '2023-11-14 09:15:21'),
(545, 417, '449', 'user left', 'active', NULL, '2023-11-14 09:15:29', '2023-11-14 09:15:29'),
(546, 418, '2', 'hi', 'active', NULL, '2023-11-14 09:15:41', '2023-11-14 09:15:41'),
(547, 418, '450', 'user left', 'active', NULL, '2023-11-14 09:16:39', '2023-11-14 09:16:39'),
(548, 420, '452', 'user left', 'active', NULL, '2023-11-14 09:16:52', '2023-11-14 09:16:52'),
(549, 421, '2', 'heelo', 'active', NULL, '2023-11-14 09:17:07', '2023-11-14 09:17:07'),
(550, 421, '2', 'hello', 'active', NULL, '2023-11-14 09:17:38', '2023-11-14 09:17:38'),
(551, 421, '2', 'hello', 'active', NULL, '2023-11-14 09:17:39', '2023-11-14 09:17:39'),
(552, 421, '453', 'hi', 'active', NULL, '2023-11-14 09:18:16', '2023-11-14 09:18:16'),
(553, 421, '453', 'user left', 'active', NULL, '2023-11-14 09:18:38', '2023-11-14 09:18:38'),
(554, 422, '454', 'user left', 'active', NULL, '2023-11-14 09:18:46', '2023-11-14 09:18:46'),
(555, 423, '455', 'hi', 'active', NULL, '2023-11-14 09:19:01', '2023-11-14 09:19:01'),
(556, 423, '455', 'user left', 'active', NULL, '2023-11-14 09:19:23', '2023-11-14 09:19:23'),
(557, 424, '456', 'user left', 'active', NULL, '2023-11-14 09:19:28', '2023-11-14 09:19:28'),
(558, 425, '457', 'hello', 'active', NULL, '2023-11-14 09:19:45', '2023-11-14 09:19:45'),
(559, 425, '457', 'hi', 'active', NULL, '2023-11-14 09:19:58', '2023-11-14 09:19:58'),
(560, 425, '457', 'user left', 'active', NULL, '2023-11-14 09:20:06', '2023-11-14 09:20:06'),
(561, 426, '458', 'hu', 'active', NULL, '2023-11-14 09:20:15', '2023-11-14 09:20:15'),
(562, 426, '458', 'user left', 'active', NULL, '2023-11-14 10:29:01', '2023-11-14 10:29:01'),
(563, 427, '459', 'user left', 'active', NULL, '2023-11-14 10:29:20', '2023-11-14 10:29:20'),
(564, 428, '460', 'hi', 'active', NULL, '2023-11-14 10:29:46', '2023-11-14 10:29:46'),
(565, 428, '460', 'hello', 'active', NULL, '2023-11-14 10:30:06', '2023-11-14 10:30:06'),
(566, 428, '460', 'user left', 'active', NULL, '2023-11-14 10:34:23', '2023-11-14 10:34:23'),
(567, 429, '2', 'hrllo', 'active', NULL, '2023-11-14 10:34:33', '2023-11-14 10:34:33'),
(568, 429, '461', 'user left', 'active', NULL, '2023-11-14 10:34:43', '2023-11-14 10:34:43'),
(569, 430, '462', 'user left', 'active', NULL, '2023-11-14 10:34:47', '2023-11-14 10:34:47'),
(570, 431, '463', 'user left', 'active', NULL, '2023-11-14 10:34:52', '2023-11-14 10:34:52'),
(571, 432, '464', 'user left', 'active', NULL, '2023-11-14 10:35:00', '2023-11-14 10:35:00'),
(572, 432, '2', 'hi', 'active', NULL, '2023-11-14 10:35:09', '2023-11-14 10:35:09'),
(573, 433, '465', 'user left', 'active', NULL, '2023-11-14 10:36:44', '2023-11-14 10:36:44'),
(574, 434, '466', 'user left', 'active', NULL, '2023-11-14 10:36:47', '2023-11-14 10:36:47'),
(575, 435, '2', 'hi', 'active', NULL, '2023-11-14 10:37:00', '2023-11-14 10:37:00'),
(576, 435, '467', 'hi', 'active', NULL, '2023-11-14 10:37:27', '2023-11-14 10:37:27'),
(577, 435, '467', 'hello', 'active', NULL, '2023-11-14 10:37:38', '2023-11-14 10:37:38'),
(578, 435, '467', 'user left', 'active', NULL, '2023-11-14 10:38:29', '2023-11-14 10:38:29'),
(579, 436, '468', 'hi', 'active', NULL, '2023-11-14 10:39:17', '2023-11-14 10:39:17'),
(580, 436, '468', 'hello', 'active', NULL, '2023-11-14 10:39:39', '2023-11-14 10:39:39'),
(581, 437, '469', 'hi', 'active', NULL, '2023-11-14 10:39:47', '2023-11-14 10:39:47'),
(582, 437, '469', 'hello', 'active', NULL, '2023-11-14 10:39:59', '2023-11-14 10:39:59'),
(583, 436, '468', 'user left', 'active', NULL, '2023-11-14 10:47:08', '2023-11-14 10:47:08'),
(584, 438, '470', 'user left', 'active', NULL, '2023-11-14 10:47:23', '2023-11-14 10:47:23'),
(585, 439, '471', 'user left', 'active', NULL, '2023-11-14 10:48:26', '2023-11-14 10:48:26'),
(586, 440, '472', 'user left', 'active', NULL, '2023-11-14 10:48:39', '2023-11-14 10:48:39'),
(587, 441, '473', 'user left', 'active', NULL, '2023-11-14 10:49:06', '2023-11-14 10:49:06'),
(588, 442, '474', 'user left', 'active', NULL, '2023-11-14 10:49:49', '2023-11-14 10:49:49'),
(589, 443, '475', 'user left', 'active', NULL, '2023-11-14 10:50:30', '2023-11-14 10:50:30'),
(590, 446, '478', 'user left', 'active', NULL, '2023-11-14 10:51:34', '2023-11-14 10:51:34'),
(591, 447, '479', 'user left', 'active', NULL, '2023-11-14 10:51:46', '2023-11-14 10:51:46'),
(592, 448, '480', 'user left', 'active', NULL, '2023-11-14 10:56:08', '2023-11-14 10:56:08'),
(593, 449, '481', 'user left', 'active', NULL, '2023-11-14 10:56:12', '2023-11-14 10:56:12'),
(594, 450, '482', 'user left', 'active', NULL, '2023-11-14 10:56:15', '2023-11-14 10:56:15'),
(595, 451, '483', 'hi', 'active', NULL, '2023-11-14 10:56:37', '2023-11-14 10:56:37'),
(596, 451, '483', 'i', 'active', NULL, '2023-11-14 10:56:46', '2023-11-14 10:56:46'),
(597, 451, '483', 'user left', 'active', NULL, '2023-11-14 11:18:01', '2023-11-14 11:18:01'),
(598, 452, '484', 'user left', 'active', NULL, '2023-11-14 11:18:06', '2023-11-14 11:18:06'),
(599, 453, '2', 'hi', 'active', NULL, '2023-11-14 11:18:18', '2023-11-14 11:18:18'),
(600, 453, '485', 'hello buddy', 'active', NULL, '2023-11-14 11:18:27', '2023-11-14 11:18:27'),
(601, 454, '2', 'hi', 'active', NULL, '2023-11-14 11:18:55', '2023-11-14 11:18:55'),
(602, 454, '486', 'hello', 'active', NULL, '2023-11-14 11:18:59', '2023-11-14 11:18:59'),
(603, 454, '486', 'user left', 'active', NULL, '2023-11-14 11:19:02', '2023-11-14 11:19:02'),
(604, 455, '2', 'hi', 'active', NULL, '2023-11-14 11:19:38', '2023-11-14 11:19:38'),
(605, 455, '487', 'hello', 'active', NULL, '2023-11-14 11:19:41', '2023-11-14 11:19:41'),
(606, 455, '2', 'Are you looking for custom boxes', 'active', NULL, '2023-11-14 11:20:04', '2023-11-14 11:20:04'),
(607, 455, '487', 'Yeah sure', 'active', NULL, '2023-11-14 11:20:10', '2023-11-14 11:20:10'),
(608, 455, '487', 'user left', 'active', NULL, '2023-11-14 11:20:12', '2023-11-14 11:20:12'),
(609, 456, '488', 'user left', 'active', NULL, '2023-11-14 11:27:36', '2023-11-14 11:27:36'),
(610, 458, '490', 'user left', 'active', NULL, '2023-11-14 11:45:40', '2023-11-14 11:45:40'),
(611, 459, '491', 'user left', 'active', NULL, '2023-11-14 11:45:47', '2023-11-14 11:45:47'),
(612, 461, '493', 'user left', 'active', NULL, '2023-11-15 12:12:02', '2023-11-15 12:12:02'),
(613, 462, '494', 'user left', 'active', NULL, '2023-11-15 12:13:38', '2023-11-15 12:13:38'),
(614, 463, '495', 'user left', 'active', NULL, '2023-11-15 12:14:14', '2023-11-15 12:14:14'),
(615, 464, '496', 'user left', 'active', NULL, '2023-11-15 12:15:30', '2023-11-15 12:15:30'),
(616, 465, '497', 'user left', 'active', NULL, '2023-11-15 12:15:33', '2023-11-15 12:15:33'),
(617, 467, '499', 'user left', 'active', NULL, '2023-11-15 13:08:59', '2023-11-15 13:08:59'),
(618, 468, '500', 'user left', 'active', NULL, '2023-11-16 08:21:13', '2023-11-16 08:21:13'),
(619, 469, '501', 'user left', 'active', NULL, '2023-11-16 08:28:57', '2023-11-16 08:28:57'),
(620, 470, '502', 'user left', 'active', NULL, '2023-11-16 08:29:39', '2023-11-16 08:29:39'),
(621, 471, '503', 'user left', 'active', NULL, '2023-11-16 08:29:49', '2023-11-16 08:29:49'),
(622, 472, '504', 'user left', 'active', NULL, '2023-11-16 08:29:51', '2023-11-16 08:29:51'),
(623, 474, '506', 'user left', 'active', NULL, '2023-11-16 08:30:03', '2023-11-16 08:30:03'),
(624, 475, '507', 'user left', 'active', NULL, '2023-11-16 08:30:42', '2023-11-16 08:30:42'),
(625, 476, '508', 'user left', 'active', NULL, '2023-11-16 08:31:20', '2023-11-16 08:31:20'),
(626, 477, '2', 'hi', 'active', NULL, '2023-11-16 08:32:27', '2023-11-16 08:32:27'),
(627, 477, '509', 'hello', 'active', NULL, '2023-11-16 08:32:33', '2023-11-16 08:32:33'),
(628, 477, '509', 'coming', 'active', NULL, '2023-11-16 08:32:47', '2023-11-16 08:32:47'),
(629, 477, '2', 'Are you ok', 'active', NULL, '2023-11-16 08:33:33', '2023-11-16 08:33:33'),
(630, 477, '2', 'done boss', 'active', NULL, '2023-11-16 08:33:48', '2023-11-16 08:33:48'),
(631, 477, '2', 'hi', 'active', NULL, '2023-11-16 08:40:42', '2023-11-16 08:40:42'),
(632, 477, '2', 'jhdjsahkjdsa', 'active', NULL, '2023-11-16 08:40:46', '2023-11-16 08:40:46'),
(633, 477, '2', 'dsad', 'active', NULL, '2023-11-16 08:40:47', '2023-11-16 08:40:47'),
(634, 477, '2', 'sada', 'active', NULL, '2023-11-16 08:40:48', '2023-11-16 08:40:48'),
(635, 477, '2', 'dsa', 'active', NULL, '2023-11-16 08:40:49', '2023-11-16 08:40:49'),
(636, 477, '2', 'as', 'active', NULL, '2023-11-16 08:40:50', '2023-11-16 08:40:50'),
(637, 477, '2', 'dsa', 'active', NULL, '2023-11-16 08:40:51', '2023-11-16 08:40:51'),
(638, 477, '2', 'asd', 'active', NULL, '2023-11-16 08:40:52', '2023-11-16 08:40:52'),
(639, 477, '2', 'ds', 'active', NULL, '2023-11-16 08:40:55', '2023-11-16 08:40:55'),
(640, 477, '2', 'hi', 'active', NULL, '2023-11-16 08:43:59', '2023-11-16 08:43:59'),
(641, 477, '2', 'hi', 'active', NULL, '2023-11-16 08:46:24', '2023-11-16 08:46:24'),
(642, 477, '2', 'Are you coming', 'active', NULL, '2023-11-16 08:46:30', '2023-11-16 08:46:30'),
(643, 477, '509', 'Hello', 'active', NULL, '2023-11-16 11:47:10', '2023-11-16 11:47:10'),
(644, 477, '509', 'Yes i am coming', 'active', NULL, '2023-11-16 11:47:15', '2023-11-16 11:47:15'),
(645, 477, '509', 'user left', 'active', NULL, '2023-11-16 11:56:44', '2023-11-16 11:56:44'),
(646, 478, '510', 'user left', 'active', NULL, '2023-11-16 11:56:51', '2023-11-16 11:56:51'),
(647, 479, '2', 'Hi there', 'active', NULL, '2023-11-16 11:57:01', '2023-11-16 11:57:01'),
(648, 479, '511', 'user left', 'active', NULL, '2023-11-16 11:59:03', '2023-11-16 11:59:03'),
(649, 480, '512', 'Hi', 'active', NULL, '2023-11-16 11:59:06', '2023-11-16 11:59:06'),
(650, 479, '2', 'Heloo', 'active', NULL, '2023-11-16 11:59:19', '2023-11-16 11:59:19'),
(651, 480, '2', 'Heloo', 'active', NULL, '2023-11-16 11:59:20', '2023-11-16 11:59:20'),
(652, 480, '512', 'Are u ok', 'active', NULL, '2023-11-16 11:59:25', '2023-11-16 11:59:25'),
(653, 480, '512', 'hi', 'active', NULL, '2023-11-16 12:19:35', '2023-11-16 12:19:35'),
(654, 480, '512', 'coming', 'active', NULL, '2023-11-16 12:19:42', '2023-11-16 12:19:42'),
(655, 480, '512', 'hello', 'active', NULL, '2023-11-16 12:24:48', '2023-11-16 12:24:48'),
(656, 479, '2', 'hi', 'active', NULL, '2023-11-16 12:46:02', '2023-11-16 12:46:02'),
(657, 480, '2', 'hi', 'active', NULL, '2023-11-16 12:46:03', '2023-11-16 12:46:03'),
(658, 480, '512', 'user left', 'active', NULL, '2023-11-16 12:47:17', '2023-11-16 12:47:17'),
(659, 481, '2', 'hi', 'active', NULL, '2023-11-16 12:47:30', '2023-11-16 12:47:30'),
(660, 483, '2', 'hi', 'active', NULL, '2023-11-17 04:59:23', '2023-11-17 04:59:23'),
(661, 483, '515', 'hello', 'active', NULL, '2023-11-17 04:59:51', '2023-11-17 04:59:51'),
(662, 483, '2', 'are you coming for your order', 'active', NULL, '2023-11-17 05:00:06', '2023-11-17 05:00:06'),
(663, 483, '515', 'yes i am on my way to collect the order', 'active', NULL, '2023-11-17 05:00:18', '2023-11-17 05:00:18');

-- --------------------------------------------------------

--
-- Table structure for table `migrations`
--

CREATE TABLE `migrations` (
  `id` int(10) UNSIGNED NOT NULL,
  `migration` varchar(255) NOT NULL,
  `batch` int(11) NOT NULL
) ENGINE=InnoDB DEFAULT CHARSET=utf8mb4 COLLATE=utf8mb4_unicode_ci;

--
-- Dumping data for table `migrations`
--

INSERT INTO `migrations` (`id`, `migration`, `batch`) VALUES
(1, '2014_10_12_000000_create_users_table', 1),
(2, '2014_10_12_100000_create_password_reset_tokens_table', 1),
(3, '2019_08_19_000000_create_failed_jobs_table', 1),
(4, '2019_12_14_000001_create_personal_access_tokens_table', 1),
(5, '2023_10_10_172957_create_visitors_table', 1),
(7, '2023_10_20_111932_create_messages_table', 2),
(8, '2023_10_10_173745_create_chats_table', 3);

-- --------------------------------------------------------

--
-- Table structure for table `password_reset_tokens`
--

CREATE TABLE `password_reset_tokens` (
  `email` varchar(255) NOT NULL,
  `token` varchar(255) NOT NULL,
  `created_at` timestamp NULL DEFAULT NULL
) ENGINE=InnoDB DEFAULT CHARSET=utf8mb4 COLLATE=utf8mb4_unicode_ci;

-- --------------------------------------------------------

--
-- Table structure for table `personal_access_tokens`
--

CREATE TABLE `personal_access_tokens` (
  `id` bigint(20) UNSIGNED NOT NULL,
  `tokenable_type` varchar(255) NOT NULL,
  `tokenable_id` bigint(20) UNSIGNED NOT NULL,
  `name` varchar(255) NOT NULL,
  `token` varchar(64) NOT NULL,
  `abilities` text DEFAULT NULL,
  `last_used_at` timestamp NULL DEFAULT NULL,
  `expires_at` timestamp NULL DEFAULT NULL,
  `created_at` timestamp NULL DEFAULT NULL,
  `updated_at` timestamp NULL DEFAULT NULL
) ENGINE=InnoDB DEFAULT CHARSET=utf8mb4 COLLATE=utf8mb4_unicode_ci;

-- --------------------------------------------------------

--
-- Table structure for table `users`
--

CREATE TABLE `users` (
  `id` bigint(20) UNSIGNED NOT NULL,
  `name` varchar(255) NOT NULL,
  `email` varchar(255) NOT NULL,
  `status` enum('active','deactive') NOT NULL DEFAULT 'active',
  `email_verified_at` timestamp NULL DEFAULT NULL,
  `password` varchar(255) NOT NULL,
  `deleted_at` timestamp NULL DEFAULT NULL,
  `remember_token` varchar(100) DEFAULT NULL,
  `created_at` timestamp NULL DEFAULT NULL,
  `updated_at` timestamp NULL DEFAULT NULL
) ENGINE=InnoDB DEFAULT CHARSET=utf8mb4 COLLATE=utf8mb4_unicode_ci;

--
-- Dumping data for table `users`
--

INSERT INTO `users` (`id`, `name`, `email`, `status`, `email_verified_at`, `password`, `deleted_at`, `remember_token`, `created_at`, `updated_at`) VALUES
(1, 'test', 'test@gmail.com', 'active', NULL, '$2y$10$cdw0DntG7Vhm9d2snt0BfObNvgWxIl5/vQw/Kn/uXL5D2IpHtV/hO', NULL, NULL, NULL, NULL),
(2, 'Peter', 'peter@gmail.com', 'active', NULL, '$2y$10$s0dQZsWVUjX56HazdFCIPeoVbEMV/XUfz/RVAIyFL5WnnkP5Gm6zC', NULL, NULL, '2023-11-06 05:00:22', '2023-11-06 05:00:22');

-- --------------------------------------------------------

--
-- Table structure for table `visitors`
--

CREATE TABLE `visitors` (
  `id` bigint(20) UNSIGNED NOT NULL,
  `ip_address` varchar(255) NOT NULL,
  `channel_name` varchar(255) NOT NULL,
  `country_name` varchar(255) NOT NULL,
  `country_code` varchar(255) NOT NULL,
  `region_code` varchar(255) NOT NULL,
  `region_name` varchar(255) NOT NULL,
  `city_name` varchar(255) NOT NULL,
  `zip_code` varchar(255) NOT NULL,
  `currency_code` varchar(255) NOT NULL,
  `latitude` varchar(255) NOT NULL,
  `longitude` varchar(255) NOT NULL,
  `deleted_at` timestamp NULL DEFAULT NULL,
  `created_at` timestamp NULL DEFAULT NULL,
  `updated_at` timestamp NULL DEFAULT NULL
) ENGINE=InnoDB DEFAULT CHARSET=utf8mb4 COLLATE=utf8mb4_unicode_ci;

--
-- Dumping data for table `visitors`
--

INSERT INTO `visitors` (`id`, `ip_address`, `channel_name`, `country_name`, `country_code`, `region_code`, `region_name`, `city_name`, `zip_code`, `currency_code`, `latitude`, `longitude`, `deleted_at`, `created_at`, `updated_at`) VALUES
(157, '81.109.34.34', 'djLIr4', 'United Kingdom', 'GB', 'ENG', 'England', 'Thames Ditton', 'KT7', 'GBP', '51.3889', '-0.3449', NULL, '2023-10-25 08:26:22', '2023-10-25 08:26:22'),
(158, '81.109.34.34', 'wB7CHj', 'United Kingdom', 'GB', 'ENG', 'England', 'Thames Ditton', 'KT7', 'GBP', '51.3889', '-0.3449', NULL, '2023-10-25 08:28:48', '2023-10-25 08:28:48'),
(159, '81.109.34.34', 'mNOFP9', 'United Kingdom', 'GB', 'ENG', 'England', 'Thames Ditton', 'KT7', 'GBP', '51.3889', '-0.3449', NULL, '2023-10-25 08:39:52', '2023-10-25 08:39:52'),
(160, '81.109.34.34', 'ZbrJDM', 'United Kingdom', 'GB', 'ENG', 'England', 'Thames Ditton', 'KT7', 'GBP', '51.3889', '-0.3449', NULL, '2023-10-25 08:44:16', '2023-10-25 08:44:16'),
(161, '81.109.34.34', 'EfqWZz', 'United Kingdom', 'GB', 'ENG', 'England', 'Thames Ditton', 'KT7', 'GBP', '51.3889', '-0.3449', NULL, '2023-10-25 08:44:55', '2023-10-25 08:44:55'),
(162, '81.109.34.34', 'lbmnbG', 'United Kingdom', 'GB', 'ENG', 'England', 'Thames Ditton', 'KT7', 'GBP', '51.3889', '-0.3449', NULL, '2023-10-25 08:45:08', '2023-10-25 08:45:08'),
(163, '182.185.142.240', 'sI4pBi', 'Pakistan', 'PK', 'PB', 'Punjab', 'Shekhupura', '39350', 'PKR', '31.6934', '74.1859', NULL, '2023-10-25 08:59:21', '2023-10-25 08:59:21'),
(164, '182.185.142.240', 'ILD5a1', 'Pakistan', 'PK', 'PB', 'Punjab', 'Shekhupura', '39350', 'PKR', '31.6934', '74.1859', NULL, '2023-10-25 09:00:07', '2023-10-25 09:00:07'),
(165, '182.185.142.240', 'CyXZcR', 'Pakistan', 'PK', 'PB', 'Punjab', 'Shekhupura', '39350', 'PKR', '31.6934', '74.1859', NULL, '2023-10-25 09:09:03', '2023-10-25 09:09:03'),
(166, '182.185.142.240', '7W6kbC', 'Pakistan', 'PK', 'PB', 'Punjab', 'Shekhupura', '39350', 'PKR', '31.6934', '74.1859', NULL, '2023-10-25 10:49:26', '2023-10-25 10:49:26'),
(167, '182.185.142.240', 'pDk7A4', 'Pakistan', 'PK', 'PB', 'Punjab', 'Shekhupura', '39350', 'PKR', '31.6934', '74.1859', NULL, '2023-10-25 10:50:21', '2023-10-25 10:50:21'),
(168, '182.185.142.240', '5AhC6G', 'Pakistan', 'PK', 'PB', 'Punjab', 'Shekhupura', '39350', 'PKR', '31.6934', '74.1859', NULL, '2023-10-25 10:57:17', '2023-10-25 10:57:17'),
(169, '182.185.142.240', 'aLfUb9', 'Pakistan', 'PK', 'PB', 'Punjab', 'Shekhupura', '39350', 'PKR', '31.6934', '74.1859', NULL, '2023-10-25 12:35:54', '2023-10-25 12:35:54'),
(170, '182.185.142.240', 'qYtLKm', 'Pakistan', 'PK', 'PB', 'Punjab', 'Shekhupura', '39350', 'PKR', '31.6934', '74.1859', NULL, '2023-10-25 12:36:12', '2023-10-25 12:36:12'),
(171, '182.185.142.240', 'rht3N7', 'Pakistan', 'PK', 'PB', 'Punjab', 'Shekhupura', '39350', 'PKR', '31.6934', '74.1859', NULL, '2023-10-25 12:39:52', '2023-10-25 12:39:52'),
(172, '182.185.142.240', '0rvVwL', 'Pakistan', 'PK', 'PB', 'Punjab', 'Shekhupura', '39350', 'PKR', '31.6934', '74.1859', NULL, '2023-10-25 12:40:44', '2023-10-25 12:40:44'),
(173, '182.185.142.240', 'cwHyay', 'Pakistan', 'PK', 'PB', 'Punjab', 'Shekhupura', '39350', 'PKR', '31.6934', '74.1859', NULL, '2023-10-25 12:41:01', '2023-10-25 12:41:01'),
(174, '182.185.142.240', 'mjj7EK', 'Pakistan', 'PK', 'PB', 'Punjab', 'Shekhupura', '39350', 'PKR', '31.6934', '74.1859', NULL, '2023-10-25 12:43:00', '2023-10-25 12:43:00'),
(175, '182.185.142.240', '2TwqnP', 'Pakistan', 'PK', 'PB', 'Punjab', 'Shekhupura', '39350', 'PKR', '31.6934', '74.1859', NULL, '2023-10-25 12:43:35', '2023-10-25 12:43:35'),
(176, '182.185.142.240', 'e5hdc6', 'Pakistan', 'PK', 'PB', 'Punjab', 'Shekhupura', '39350', 'PKR', '31.6934', '74.1859', NULL, '2023-10-25 12:43:49', '2023-10-25 12:43:49'),
(177, '182.185.142.240', 'bY8QuP', 'Pakistan', 'PK', 'PB', 'Punjab', 'Shekhupura', '39350', 'PKR', '31.6934', '74.1859', NULL, '2023-10-25 12:44:17', '2023-10-25 12:44:17'),
(178, '182.185.142.240', 'whQTPv', 'Pakistan', 'PK', 'PB', 'Punjab', 'Shekhupura', '39350', 'PKR', '31.6934', '74.1859', NULL, '2023-10-25 12:44:32', '2023-10-25 12:44:32'),
(179, '182.185.142.240', 'jwL0PU', 'Pakistan', 'PK', 'PB', 'Punjab', 'Shekhupura', '39350', 'PKR', '31.6934', '74.1859', NULL, '2023-10-25 12:45:39', '2023-10-25 12:45:39'),
(180, '182.185.142.240', 'a6nVW1', 'Pakistan', 'PK', 'PB', 'Punjab', 'Shekhupura', '39350', 'PKR', '31.6934', '74.1859', NULL, '2023-10-25 12:45:54', '2023-10-25 12:45:54'),
(181, '182.185.142.240', 'KVmdGR', 'Pakistan', 'PK', 'PB', 'Punjab', 'Shekhupura', '39350', 'PKR', '31.6934', '74.1859', NULL, '2023-10-25 12:46:43', '2023-10-25 12:46:43'),
(182, '182.185.142.240', 'qwRIrU', 'Pakistan', 'PK', 'PB', 'Punjab', 'Shekhupura', '39350', 'PKR', '31.6934', '74.1859', NULL, '2023-10-25 12:48:22', '2023-10-25 12:48:22'),
(183, '182.185.142.240', 'Gth7uE', 'Pakistan', 'PK', 'PB', 'Punjab', 'Shekhupura', '39350', 'PKR', '31.6934', '74.1859', NULL, '2023-10-25 12:48:37', '2023-10-25 12:48:37'),
(184, '182.185.142.240', 'orXffk', 'Pakistan', 'PK', 'PB', 'Punjab', 'Shekhupura', '39350', 'PKR', '31.6934', '74.1859', NULL, '2023-10-25 12:48:56', '2023-10-25 12:48:56'),
(185, '182.185.142.240', 'd4Wxem', 'Pakistan', 'PK', 'PB', 'Punjab', 'Shekhupura', '39350', 'PKR', '31.6934', '74.1859', NULL, '2023-10-25 12:49:26', '2023-10-25 12:49:26'),
(186, '182.185.142.240', '68VsZl', 'Pakistan', 'PK', 'PB', 'Punjab', 'Shekhupura', '39350', 'PKR', '31.6934', '74.1859', NULL, '2023-10-25 12:50:24', '2023-10-25 12:50:24'),
(187, '182.185.142.240', 'oZ2mKD', 'Pakistan', 'PK', 'PB', 'Punjab', 'Shekhupura', '39350', 'PKR', '31.6934', '74.1859', NULL, '2023-10-25 12:50:32', '2023-10-25 12:50:32'),
(188, '182.185.142.240', 'CuJKcX', 'Pakistan', 'PK', 'PB', 'Punjab', 'Shekhupura', '39350', 'PKR', '31.6934', '74.1859', NULL, '2023-10-25 12:52:30', '2023-10-25 12:52:30'),
(189, '182.185.142.240', 'ODKtJB', 'Pakistan', 'PK', 'PB', 'Punjab', 'Shekhupura', '39350', 'PKR', '31.6934', '74.1859', NULL, '2023-10-25 12:58:54', '2023-10-25 12:58:54'),
(190, '182.185.142.240', 'R2HWov', 'Pakistan', 'PK', 'PB', 'Punjab', 'Shekhupura', '39350', 'PKR', '31.6934', '74.1859', NULL, '2023-10-26 05:48:03', '2023-10-26 05:48:03'),
(191, '182.185.142.240', 'xartSG', 'Pakistan', 'PK', 'PB', 'Punjab', 'Shekhupura', '39350', 'PKR', '31.6934', '74.1859', NULL, '2023-10-26 05:48:39', '2023-10-26 05:48:39'),
(192, '182.185.142.240', 'Y0iG7g', 'Pakistan', 'PK', 'PB', 'Punjab', 'Shekhupura', '39350', 'PKR', '31.6934', '74.1859', NULL, '2023-10-26 05:49:00', '2023-10-26 05:49:00'),
(193, '182.185.142.240', 'NpsOu2', 'Pakistan', 'PK', 'PB', 'Punjab', 'Shekhupura', '39350', 'PKR', '31.6934', '74.1859', NULL, '2023-10-26 05:49:06', '2023-10-26 05:49:06'),
(194, '182.185.142.240', '4u3Fmt', 'Pakistan', 'PK', 'PB', 'Punjab', 'Shekhupura', '39350', 'PKR', '31.6934', '74.1859', NULL, '2023-10-26 05:49:31', '2023-10-26 05:49:31'),
(195, '182.185.142.240', 'ISZX9o', 'Pakistan', 'PK', 'PB', 'Punjab', 'Shekhupura', '39350', 'PKR', '31.6934', '74.1859', NULL, '2023-10-26 05:50:06', '2023-10-26 05:50:06'),
(196, '182.185.142.240', '8uxbQx', 'Pakistan', 'PK', 'PB', 'Punjab', 'Shekhupura', '39350', 'PKR', '31.6934', '74.1859', NULL, '2023-10-26 05:50:35', '2023-10-26 05:50:35'),
(197, '182.185.142.240', 'nA0opC', 'Pakistan', 'PK', 'PB', 'Punjab', 'Shekhupura', '39350', 'PKR', '31.6934', '74.1859', NULL, '2023-10-26 05:50:43', '2023-10-26 05:50:43'),
(198, '182.185.142.240', 'c0ato6', 'Pakistan', 'PK', 'PB', 'Punjab', 'Shekhupura', '39350', 'PKR', '31.6934', '74.1859', NULL, '2023-10-26 05:50:46', '2023-10-26 05:50:46'),
(199, '182.185.142.240', 'aBQ1Dl', 'Pakistan', 'PK', 'PB', 'Punjab', 'Shekhupura', '39350', 'PKR', '31.6934', '74.1859', NULL, '2023-10-26 05:50:48', '2023-10-26 05:50:48'),
(200, '182.185.142.240', 'vfjP91', 'Pakistan', 'PK', 'PB', 'Punjab', 'Shekhupura', '39350', 'PKR', '31.6934', '74.1859', NULL, '2023-10-26 05:50:51', '2023-10-26 05:50:51'),
(201, '182.185.142.240', 'VrcAzw', 'Pakistan', 'PK', 'PB', 'Punjab', 'Shekhupura', '39350', 'PKR', '31.6934', '74.1859', NULL, '2023-10-26 05:50:53', '2023-10-26 05:50:53'),
(202, '182.185.142.240', 'wAbImi', 'Pakistan', 'PK', 'PB', 'Punjab', 'Shekhupura', '39350', 'PKR', '31.6934', '74.1859', NULL, '2023-10-26 05:50:56', '2023-10-26 05:50:56'),
(203, '182.185.142.240', 'M5Yaay', 'Pakistan', 'PK', 'PB', 'Punjab', 'Shekhupura', '39350', 'PKR', '31.6934', '74.1859', NULL, '2023-10-26 05:52:51', '2023-10-26 05:52:51'),
(204, '182.185.142.240', 'SAeY9E', 'Pakistan', 'PK', 'PB', 'Punjab', 'Shekhupura', '39350', 'PKR', '31.6934', '74.1859', NULL, '2023-10-26 05:53:23', '2023-10-26 05:53:23'),
(205, '182.185.142.240', 'CxHMXj', 'Pakistan', 'PK', 'PB', 'Punjab', 'Shekhupura', '39350', 'PKR', '31.6934', '74.1859', NULL, '2023-10-26 07:56:36', '2023-10-26 07:56:36'),
(206, '182.185.142.240', 'MVI4Lc', 'Pakistan', 'PK', 'PB', 'Punjab', 'Shekhupura', '39350', 'PKR', '31.6934', '74.1859', NULL, '2023-10-26 07:57:15', '2023-10-26 07:57:15'),
(207, '182.185.142.240', 'Bwdj2a', 'Pakistan', 'PK', 'PB', 'Punjab', 'Shekhupura', '39350', 'PKR', '31.6934', '74.1859', NULL, '2023-10-26 07:58:52', '2023-10-26 07:58:52'),
(208, '182.185.142.240', 'LCVymw', 'Pakistan', 'PK', 'PB', 'Punjab', 'Shekhupura', '39350', 'PKR', '31.6934', '74.1859', NULL, '2023-10-26 11:52:31', '2023-10-26 11:52:31'),
(209, '182.185.142.240', '55HdGC', 'Pakistan', 'PK', 'PB', 'Punjab', 'Shekhupura', '39350', 'PKR', '31.6934', '74.1859', NULL, '2023-10-26 11:52:50', '2023-10-26 11:52:50'),
(210, '182.185.142.240', 'jGbHD7', 'Pakistan', 'PK', 'PB', 'Punjab', 'Shekhupura', '39350', 'PKR', '31.6934', '74.1859', NULL, '2023-10-26 11:53:27', '2023-10-26 11:53:27'),
(211, '182.185.142.240', 'lcWiaD', 'Pakistan', 'PK', 'PB', 'Punjab', 'Shekhupura', '39350', 'PKR', '31.6934', '74.1859', NULL, '2023-10-26 11:53:45', '2023-10-26 11:53:45'),
(212, '182.185.142.240', 'V3OJJU', 'Pakistan', 'PK', 'PB', 'Punjab', 'Shekhupura', '39350', 'PKR', '31.6934', '74.1859', NULL, '2023-10-26 11:54:05', '2023-10-26 11:54:05'),
(213, '182.185.142.240', 'f3IKu4', 'Pakistan', 'PK', 'PB', 'Punjab', 'Shekhupura', '39350', 'PKR', '31.6934', '74.1859', NULL, '2023-10-26 11:57:19', '2023-10-26 11:57:19'),
(214, '182.185.142.240', 'YFp18N', 'Pakistan', 'PK', 'PB', 'Punjab', 'Shekhupura', '39350', 'PKR', '31.6934', '74.1859', NULL, '2023-10-26 11:57:31', '2023-10-26 11:57:31'),
(215, '182.185.142.240', 'ppIZ5k', 'Pakistan', 'PK', 'PB', 'Punjab', 'Shekhupura', '39350', 'PKR', '31.6934', '74.1859', NULL, '2023-10-26 11:58:20', '2023-10-26 11:58:20'),
(216, '182.185.142.240', '4LZkZH', 'Pakistan', 'PK', 'PB', 'Punjab', 'Shekhupura', '39350', 'PKR', '31.6934', '74.1859', NULL, '2023-10-26 11:58:28', '2023-10-26 11:58:28'),
(217, '182.185.142.240', 'dnFMMC', 'Pakistan', 'PK', 'PB', 'Punjab', 'Shekhupura', '39350', 'PKR', '31.6934', '74.1859', NULL, '2023-10-26 11:59:51', '2023-10-26 11:59:51'),
(218, '182.185.142.240', '9L8gM8', 'Pakistan', 'PK', 'PB', 'Punjab', 'Shekhupura', '39350', 'PKR', '31.6934', '74.1859', NULL, '2023-10-26 12:00:03', '2023-10-26 12:00:03'),
(219, '182.185.142.240', 'HJoW0f', 'Pakistan', 'PK', 'PB', 'Punjab', 'Shekhupura', '39350', 'PKR', '31.6934', '74.1859', NULL, '2023-10-26 12:02:02', '2023-10-26 12:02:02'),
(220, '182.185.142.240', 'XJRCJs', 'Pakistan', 'PK', 'PB', 'Punjab', 'Shekhupura', '39350', 'PKR', '31.6934', '74.1859', NULL, '2023-10-26 12:02:48', '2023-10-26 12:02:48'),
(221, '182.185.142.240', 'L1UbaS', 'Pakistan', 'PK', 'PB', 'Punjab', 'Shekhupura', '39350', 'PKR', '31.6934', '74.1859', NULL, '2023-10-26 12:05:43', '2023-10-26 12:05:43'),
(222, '182.185.142.240', 'ocuDkh', 'Pakistan', 'PK', 'PB', 'Punjab', 'Shekhupura', '39350', 'PKR', '31.6934', '74.1859', NULL, '2023-10-26 12:07:20', '2023-10-26 12:07:20'),
(223, '182.185.142.240', 'LaFWls', 'Pakistan', 'PK', 'PB', 'Punjab', 'Shekhupura', '39350', 'PKR', '31.6934', '74.1859', NULL, '2023-10-26 12:08:44', '2023-10-26 12:08:44'),
(224, '182.185.142.240', 'D5ki3E', 'Pakistan', 'PK', 'PB', 'Punjab', 'Shekhupura', '39350', 'PKR', '31.6934', '74.1859', NULL, '2023-10-27 06:47:40', '2023-10-27 06:47:40'),
(225, '182.185.142.240', '2WZy7G', 'Pakistan', 'PK', 'PB', 'Punjab', 'Shekhupura', '39350', 'PKR', '31.6934', '74.1859', NULL, '2023-10-27 10:22:55', '2023-10-27 10:22:55'),
(226, '182.185.142.240', 'beScBT', 'Pakistan', 'PK', 'PB', 'Punjab', 'Shekhupura', '39350', 'PKR', '31.6934', '74.1859', NULL, '2023-11-01 08:11:25', '2023-11-01 08:11:25'),
(227, '182.185.142.240', 'zj3pYZ', 'Pakistan', 'PK', 'PB', 'Punjab', 'Mianke Mor', '', 'PKR', '31.2024', '73.9486', NULL, '2023-11-01 10:09:07', '2023-11-01 10:09:07'),
(228, '182.185.142.240', 'BhE2st', 'Pakistan', 'PK', 'PB', 'Punjab', 'Mianke Mor', '', 'PKR', '31.2024', '73.9486', NULL, '2023-11-01 11:03:35', '2023-11-01 11:03:35'),
(229, '182.185.142.240', 'MQkoda', 'Pakistan', 'PK', 'PB', 'Punjab', 'Mianke Mor', '', 'PKR', '31.2024', '73.9486', NULL, '2023-11-01 11:05:03', '2023-11-01 11:05:03'),
(230, '182.185.142.240', 'Hy1tSP', 'Pakistan', 'PK', 'PB', 'Punjab', 'Mianke Mor', '', 'PKR', '31.2024', '73.9486', NULL, '2023-11-01 12:13:16', '2023-11-01 12:13:16'),
(231, '182.185.142.240', 'oWhI7d', 'Pakistan', 'PK', 'PB', 'Punjab', 'Mianke Mor', '', 'PKR', '31.2024', '73.9486', NULL, '2023-11-02 05:15:25', '2023-11-02 05:15:25'),
(232, '182.185.142.240', '5Mg32Q', 'Pakistan', 'PK', 'PB', 'Punjab', 'Mianke Mor', '', 'PKR', '31.2024', '73.9486', NULL, '2023-11-02 05:42:30', '2023-11-02 05:42:30'),
(233, '182.185.142.240', 'NxLDzS', 'Pakistan', 'PK', 'PB', 'Punjab', 'Mianke Mor', '', 'PKR', '31.2024', '73.9486', NULL, '2023-11-02 05:44:10', '2023-11-02 05:44:10'),
(234, '182.185.142.240', 'eMMjxc', 'Pakistan', 'PK', 'PB', 'Punjab', 'Mianke Mor', '', 'PKR', '31.2024', '73.9486', NULL, '2023-11-02 05:58:24', '2023-11-02 05:58:24'),
(235, '182.185.142.240', 'RnLOZY', 'Pakistan', 'PK', 'PB', 'Punjab', 'Mianke Mor', '', 'PKR', '31.2024', '73.9486', NULL, '2023-11-02 06:00:54', '2023-11-02 06:00:54'),
(236, '182.185.142.240', 'nM5erk', 'Pakistan', 'PK', 'PB', 'Punjab', 'Mianke Mor', '', 'PKR', '31.2024', '73.9486', NULL, '2023-11-02 06:01:36', '2023-11-02 06:01:36'),
(237, '182.185.142.240', '6DnjcS', 'Pakistan', 'PK', 'PB', 'Punjab', 'Mianke Mor', '', 'PKR', '31.2024', '73.9486', NULL, '2023-11-02 06:02:19', '2023-11-02 06:02:19'),
(238, '182.185.142.240', 'gA2oxe', 'Pakistan', 'PK', 'PB', 'Punjab', 'Mianke Mor', '', 'PKR', '31.2024', '73.9486', NULL, '2023-11-02 06:06:21', '2023-11-02 06:06:21'),
(239, '182.185.142.240', 'nTpYcZ', 'Pakistan', 'PK', 'PB', 'Punjab', 'Mianke Mor', '', 'PKR', '31.2024', '73.9486', NULL, '2023-11-02 06:07:21', '2023-11-02 06:07:21'),
(240, '182.185.142.240', 'AUHzHS', 'Pakistan', 'PK', 'PB', 'Punjab', 'Mianke Mor', '', 'PKR', '31.2024', '73.9486', NULL, '2023-11-03 05:36:46', '2023-11-03 05:36:46'),
(241, '182.185.142.240', '2tz4Ec', 'Pakistan', 'PK', 'PB', 'Punjab', 'Mianke Mor', '', 'PKR', '31.2024', '73.9486', NULL, '2023-11-03 05:36:54', '2023-11-03 05:36:54'),
(242, '182.185.142.240', 'mSnJtS', 'Pakistan', 'PK', 'PB', 'Punjab', 'Mianke Mor', '', 'PKR', '31.2024', '73.9486', NULL, '2023-11-03 05:38:57', '2023-11-03 05:38:57'),
(243, '182.185.142.240', 'XCe6Wh', 'Pakistan', 'PK', 'PB', 'Punjab', 'Mianke Mor', '', 'PKR', '31.2024', '73.9486', NULL, '2023-11-03 05:39:14', '2023-11-03 05:39:14'),
(244, '182.185.142.240', '3JDZIp', 'Pakistan', 'PK', 'PB', 'Punjab', 'Mianke Mor', '', 'PKR', '31.2024', '73.9486', NULL, '2023-11-03 05:39:23', '2023-11-03 05:39:23'),
(245, '182.185.142.240', '503BsX', 'Pakistan', 'PK', 'PB', 'Punjab', 'Mianke Mor', '', 'PKR', '31.2024', '73.9486', NULL, '2023-11-03 05:40:06', '2023-11-03 05:40:06'),
(246, '182.185.142.240', 'DFDNdu', 'Pakistan', 'PK', 'PB', 'Punjab', 'Mianke Mor', '', 'PKR', '31.2024', '73.9486', NULL, '2023-11-03 08:57:06', '2023-11-03 08:57:06'),
(247, '182.185.142.240', 'IbAemN', 'Pakistan', 'PK', 'PB', 'Punjab', 'Mianke Mor', '', 'PKR', '31.2024', '73.9486', NULL, '2023-11-06 04:54:44', '2023-11-06 04:54:44'),
(248, '182.185.142.240', 'H3Qaac', 'Pakistan', 'PK', 'PB', 'Punjab', 'Mianke Mor', '', 'PKR', '31.2024', '73.9486', NULL, '2023-11-06 05:02:00', '2023-11-06 05:02:00'),
(249, '182.185.142.240', 'IuGFo1', 'Pakistan', 'PK', 'PB', 'Punjab', 'Mianke Mor', '', 'PKR', '31.2024', '73.9486', NULL, '2023-11-06 05:38:39', '2023-11-06 05:38:39'),
(250, '182.185.142.240', 'iBLCPX', 'Pakistan', 'PK', 'PB', 'Punjab', 'Mianke Mor', '', 'PKR', '31.2024', '73.9486', NULL, '2023-11-06 07:56:28', '2023-11-06 07:56:28'),
(251, '182.185.142.240', 'RGSKhU', 'Pakistan', 'PK', 'PB', 'Punjab', 'Mianke Mor', '', 'PKR', '31.2024', '73.9486', NULL, '2023-11-06 08:02:48', '2023-11-06 08:02:48'),
(252, '182.185.142.240', 'QiF92z', 'Pakistan', 'PK', 'PB', 'Punjab', 'Mianke Mor', '', 'PKR', '31.2024', '73.9486', NULL, '2023-11-06 08:28:32', '2023-11-06 08:28:32'),
(253, '182.185.142.240', 'Gc0LDo', 'Pakistan', 'PK', 'PB', 'Punjab', 'Mianke Mor', '', 'PKR', '31.2024', '73.9486', NULL, '2023-11-06 08:28:35', '2023-11-06 08:28:35'),
(254, '182.185.142.240', '1k9wA7', 'Pakistan', 'PK', 'PB', 'Punjab', 'Mianke Mor', '', 'PKR', '31.2024', '73.9486', NULL, '2023-11-06 08:28:42', '2023-11-06 08:28:42'),
(255, '182.185.142.240', '7hNAli', 'Pakistan', 'PK', 'PB', 'Punjab', 'Mianke Mor', '', 'PKR', '31.2024', '73.9486', NULL, '2023-11-06 08:29:07', '2023-11-06 08:29:07'),
(256, '182.185.142.240', 'BluWnj', 'Pakistan', 'PK', 'PB', 'Punjab', 'Mianke Mor', '', 'PKR', '31.2024', '73.9486', NULL, '2023-11-06 08:32:06', '2023-11-06 08:32:06'),
(257, '182.185.142.240', '5GcIAY', 'Pakistan', 'PK', 'PB', 'Punjab', 'Mianke Mor', '', 'PKR', '31.2024', '73.9486', NULL, '2023-11-06 08:34:57', '2023-11-06 08:34:57'),
(258, '182.185.142.240', 'EMZEE2', 'Pakistan', 'PK', 'PB', 'Punjab', 'Mianke Mor', '', 'PKR', '31.2024', '73.9486', NULL, '2023-11-06 08:35:00', '2023-11-06 08:35:00'),
(259, '182.185.142.240', 'U2zPiX', 'Pakistan', 'PK', 'PB', 'Punjab', 'Mianke Mor', '', 'PKR', '31.2024', '73.9486', NULL, '2023-11-06 08:36:05', '2023-11-06 08:36:05'),
(260, '182.185.142.240', 'le0RFG', 'Pakistan', 'PK', 'PB', 'Punjab', 'Mianke Mor', '', 'PKR', '31.2024', '73.9486', NULL, '2023-11-06 08:36:41', '2023-11-06 08:36:41'),
(261, '182.185.142.240', 'IVLyNC', 'Pakistan', 'PK', 'PB', 'Punjab', 'Mianke Mor', '', 'PKR', '31.2024', '73.9486', NULL, '2023-11-06 08:37:39', '2023-11-06 08:37:39'),
(262, '182.185.142.240', 'meNRDM', 'Pakistan', 'PK', 'PB', 'Punjab', 'Mianke Mor', '', 'PKR', '31.2024', '73.9486', NULL, '2023-11-06 08:37:49', '2023-11-06 08:37:49'),
(263, '182.185.142.240', 'Jjm1lO', 'Pakistan', 'PK', 'PB', 'Punjab', 'Mianke Mor', '', 'PKR', '31.2024', '73.9486', NULL, '2023-11-06 08:38:39', '2023-11-06 08:38:39'),
(264, '182.185.142.240', 'eyQeUq', 'Pakistan', 'PK', 'PB', 'Punjab', 'Mianke Mor', '', 'PKR', '31.2024', '73.9486', NULL, '2023-11-06 08:39:36', '2023-11-06 08:39:36'),
(265, '182.185.142.240', 'ZKLAbP', 'Pakistan', 'PK', 'PB', 'Punjab', 'Mianke Mor', '', 'PKR', '31.2024', '73.9486', NULL, '2023-11-06 08:41:07', '2023-11-06 08:41:07'),
(266, '182.185.142.240', 'SAgC3e', 'Pakistan', 'PK', 'PB', 'Punjab', 'Mianke Mor', '', 'PKR', '31.2024', '73.9486', NULL, '2023-11-06 08:43:41', '2023-11-06 08:43:41'),
(267, '182.185.142.240', 'OQYDy6', 'Pakistan', 'PK', 'PB', 'Punjab', 'Mianke Mor', '', 'PKR', '31.2024', '73.9486', NULL, '2023-11-06 08:45:12', '2023-11-06 08:45:12'),
(268, '182.185.142.240', 'Mo4I6L', 'Pakistan', 'PK', 'PB', 'Punjab', 'Mianke Mor', '', 'PKR', '31.2024', '73.9486', NULL, '2023-11-06 09:00:18', '2023-11-06 09:00:18'),
(269, '182.185.142.240', 'Rvhcas', 'Pakistan', 'PK', 'PB', 'Punjab', 'Mianke Mor', '', 'PKR', '31.2024', '73.9486', NULL, '2023-11-06 09:00:54', '2023-11-06 09:00:54'),
(270, '182.185.142.240', 'aMryA8', 'Pakistan', 'PK', 'PB', 'Punjab', 'Mianke Mor', '', 'PKR', '31.2024', '73.9486', NULL, '2023-11-06 09:01:14', '2023-11-06 09:01:14'),
(271, '182.185.142.240', 'm9OG6z', 'Pakistan', 'PK', 'PB', 'Punjab', 'Mianke Mor', '', 'PKR', '31.2024', '73.9486', NULL, '2023-11-06 09:02:15', '2023-11-06 09:02:15'),
(272, '182.185.142.240', 'nII81b', 'Pakistan', 'PK', 'PB', 'Punjab', 'Mianke Mor', '', 'PKR', '31.2024', '73.9486', NULL, '2023-11-06 09:02:59', '2023-11-06 09:02:59'),
(273, '182.185.142.240', 'f0i8rX', 'Pakistan', 'PK', 'PB', 'Punjab', 'Mianke Mor', '', 'PKR', '31.2024', '73.9486', NULL, '2023-11-06 09:09:48', '2023-11-06 09:09:48'),
(274, '182.185.142.240', 'TT5HRa', 'Pakistan', 'PK', 'PB', 'Punjab', 'Mianke Mor', '', 'PKR', '31.2024', '73.9486', NULL, '2023-11-06 09:11:37', '2023-11-06 09:11:37'),
(275, '182.185.142.240', 'TdXFs3', 'Pakistan', 'PK', 'PB', 'Punjab', 'Mianke Mor', '', 'PKR', '31.2024', '73.9486', NULL, '2023-11-06 09:11:45', '2023-11-06 09:11:45'),
(276, '182.185.142.240', 'QQ0lyo', 'Pakistan', 'PK', 'PB', 'Punjab', 'Mianke Mor', '', 'PKR', '31.2024', '73.9486', NULL, '2023-11-06 11:38:27', '2023-11-06 11:38:27'),
(277, '182.185.142.240', 'aKgsOh', 'Pakistan', 'PK', 'PB', 'Punjab', 'Mianke Mor', '', 'PKR', '31.2024', '73.9486', NULL, '2023-11-06 11:41:46', '2023-11-06 11:41:46'),
(278, '182.185.142.240', 'u434vO', 'Pakistan', 'PK', 'PB', 'Punjab', 'Mianke Mor', '', 'PKR', '31.2024', '73.9486', NULL, '2023-11-06 11:41:55', '2023-11-06 11:41:55'),
(279, '182.185.142.240', '19DzWC', 'Pakistan', 'PK', 'PB', 'Punjab', 'Mianke Mor', '', 'PKR', '31.2024', '73.9486', NULL, '2023-11-06 11:42:01', '2023-11-06 11:42:01'),
(280, '182.185.142.240', 'T95Z4a', 'Pakistan', 'PK', 'PB', 'Punjab', 'Mianke Mor', '', 'PKR', '31.2024', '73.9486', NULL, '2023-11-06 11:44:14', '2023-11-06 11:44:14'),
(281, '182.185.142.240', 'ZnRV5Q', 'Pakistan', 'PK', 'PB', 'Punjab', 'Mianke Mor', '', 'PKR', '31.2024', '73.9486', NULL, '2023-11-06 11:46:58', '2023-11-06 11:46:58'),
(282, '182.185.142.240', 'pXDPMy', 'Pakistan', 'PK', 'PB', 'Punjab', 'Mianke Mor', '', 'PKR', '31.2024', '73.9486', NULL, '2023-11-06 12:03:20', '2023-11-06 12:03:20'),
(283, '182.185.142.240', 'zR9oFU', 'Pakistan', 'PK', 'PB', 'Punjab', 'Mianke Mor', '', 'PKR', '31.2024', '73.9486', NULL, '2023-11-06 12:05:50', '2023-11-06 12:05:50'),
(284, '182.185.142.240', 'kyMkHI', 'Pakistan', 'PK', 'PB', 'Punjab', 'Mianke Mor', '', 'PKR', '31.2024', '73.9486', NULL, '2023-11-06 12:06:32', '2023-11-06 12:06:32'),
(285, '182.185.142.240', 'FhImPQ', 'Pakistan', 'PK', 'PB', 'Punjab', 'Mianke Mor', '', 'PKR', '31.2024', '73.9486', NULL, '2023-11-06 12:10:24', '2023-11-06 12:10:24'),
(286, '182.185.142.240', 'UT81MS', 'Pakistan', 'PK', 'PB', 'Punjab', 'Mianke Mor', '', 'PKR', '31.2024', '73.9486', NULL, '2023-11-06 12:12:19', '2023-11-06 12:12:19'),
(287, '182.185.142.240', 'lyNGhO', 'Pakistan', 'PK', 'PB', 'Punjab', 'Mianke Mor', '', 'PKR', '31.2024', '73.9486', NULL, '2023-11-06 12:13:03', '2023-11-06 12:13:03'),
(288, '182.185.142.240', 'UyVGft', 'Pakistan', 'PK', 'PB', 'Punjab', 'Mianke Mor', '', 'PKR', '31.2024', '73.9486', NULL, '2023-11-06 12:37:04', '2023-11-06 12:37:04'),
(289, '182.185.142.240', '7Qv6a0', 'Pakistan', 'PK', 'PB', 'Punjab', 'Mianke Mor', '', 'PKR', '31.2024', '73.9486', NULL, '2023-11-06 12:37:06', '2023-11-06 12:37:06'),
(290, '182.185.142.240', 'TjuvVx', 'Pakistan', 'PK', 'PB', 'Punjab', 'Mianke Mor', '', 'PKR', '31.2024', '73.9486', NULL, '2023-11-06 12:44:38', '2023-11-06 12:44:38'),
(291, '182.185.142.240', 'VM181G', 'Pakistan', 'PK', 'PB', 'Punjab', 'Mianke Mor', '', 'PKR', '31.2024', '73.9486', NULL, '2023-11-06 12:46:47', '2023-11-06 12:46:47'),
(292, '182.185.142.240', '56IwLL', 'Pakistan', 'PK', 'PB', 'Punjab', 'Mianke Mor', '', 'PKR', '31.2024', '73.9486', NULL, '2023-11-06 12:46:58', '2023-11-06 12:46:58'),
(293, '182.185.142.240', 'rws1uM', 'Pakistan', 'PK', 'PB', 'Punjab', 'Mianke Mor', '', 'PKR', '31.2024', '73.9486', NULL, '2023-11-06 12:47:00', '2023-11-06 12:47:00'),
(294, '182.185.142.240', 'ADJHjK', 'Pakistan', 'PK', 'PB', 'Punjab', 'Mianke Mor', '', 'PKR', '31.2024', '73.9486', NULL, '2023-11-06 12:50:30', '2023-11-06 12:50:30'),
(295, '182.185.142.240', '8cLA5U', 'Pakistan', 'PK', 'PB', 'Punjab', 'Mianke Mor', '', 'PKR', '31.2024', '73.9486', NULL, '2023-11-06 12:51:01', '2023-11-06 12:51:01'),
(296, '182.185.142.240', 'EvDZEu', 'Pakistan', 'PK', 'PB', 'Punjab', 'Mianke Mor', '', 'PKR', '31.2024', '73.9486', NULL, '2023-11-06 12:51:14', '2023-11-06 12:51:14'),
(297, '182.185.142.240', 'qFrxLO', 'Pakistan', 'PK', 'PB', 'Punjab', 'Mianke Mor', '', 'PKR', '31.2024', '73.9486', NULL, '2023-11-07 06:34:55', '2023-11-07 06:34:55'),
(298, '182.185.142.240', 'sG730b', 'Pakistan', 'PK', 'PB', 'Punjab', 'Mianke Mor', '', 'PKR', '31.2024', '73.9486', NULL, '2023-11-07 06:35:21', '2023-11-07 06:35:21'),
(299, '182.185.142.240', '5J9WMz', 'Pakistan', 'PK', 'PB', 'Punjab', 'Mianke Mor', '', 'PKR', '31.2024', '73.9486', NULL, '2023-11-07 06:36:03', '2023-11-07 06:36:03'),
(300, '182.185.142.240', 'swSv6Y', 'Pakistan', 'PK', 'PB', 'Punjab', 'Mianke Mor', '', 'PKR', '31.2024', '73.9486', NULL, '2023-11-07 06:37:22', '2023-11-07 06:37:22'),
(301, '182.185.142.240', '5YfTn6', 'Pakistan', 'PK', 'PB', 'Punjab', 'Mianke Mor', '', 'PKR', '31.2024', '73.9486', NULL, '2023-11-07 06:46:40', '2023-11-07 06:46:40'),
(302, '182.185.142.240', 'akCQ9s', 'Pakistan', 'PK', 'PB', 'Punjab', 'Mianke Mor', '', 'PKR', '31.2024', '73.9486', NULL, '2023-11-07 06:48:03', '2023-11-07 06:48:03'),
(303, '182.185.142.240', 'QlUIIs', 'Pakistan', 'PK', 'PB', 'Punjab', 'Mianke Mor', '', 'PKR', '31.2024', '73.9486', NULL, '2023-11-07 06:49:30', '2023-11-07 06:49:30'),
(304, '182.185.142.240', 'Yvv9Jv', 'Pakistan', 'PK', 'PB', 'Punjab', 'Mianke Mor', '', 'PKR', '31.2024', '73.9486', NULL, '2023-11-07 06:49:54', '2023-11-07 06:49:54'),
(305, '182.185.142.240', 'bmiN9C', 'Pakistan', 'PK', 'PB', 'Punjab', 'Mianke Mor', '', 'PKR', '31.2024', '73.9486', NULL, '2023-11-07 06:51:44', '2023-11-07 06:51:44'),
(306, '182.185.142.240', 'hdfyO1', 'Pakistan', 'PK', 'PB', 'Punjab', 'Mianke Mor', '', 'PKR', '31.2024', '73.9486', NULL, '2023-11-07 06:54:13', '2023-11-07 06:54:13'),
(307, '182.185.142.240', '1mx1Fj', 'Pakistan', 'PK', 'PB', 'Punjab', 'Mianke Mor', '', 'PKR', '31.2024', '73.9486', NULL, '2023-11-07 07:03:12', '2023-11-07 07:03:12'),
(308, '182.185.142.240', 'mFnnMd', 'Pakistan', 'PK', 'PB', 'Punjab', 'Mianke Mor', '', 'PKR', '31.2024', '73.9486', NULL, '2023-11-07 07:03:22', '2023-11-07 07:03:22'),
(309, '182.185.142.240', '3UbeQ1', 'Pakistan', 'PK', 'PB', 'Punjab', 'Mianke Mor', '', 'PKR', '31.2024', '73.9486', NULL, '2023-11-07 10:46:25', '2023-11-07 10:46:25'),
(310, '182.185.142.240', 'lLnE5U', 'Pakistan', 'PK', 'PB', 'Punjab', 'Mianke Mor', '', 'PKR', '31.2024', '73.9486', NULL, '2023-11-07 12:31:45', '2023-11-07 12:31:45'),
(311, '182.185.142.240', 'IYNrNB', 'Pakistan', 'PK', 'PB', 'Punjab', 'Mianke Mor', '', 'PKR', '31.2024', '73.9486', NULL, '2023-11-07 12:31:55', '2023-11-07 12:31:55'),
(312, '182.185.142.240', '9rGK2u', 'Pakistan', 'PK', 'PB', 'Punjab', 'Mianke Mor', '', 'PKR', '31.2024', '73.9486', NULL, '2023-11-07 12:33:41', '2023-11-07 12:33:41'),
(313, '182.185.142.240', 'herpoC', 'Pakistan', 'PK', 'PB', 'Punjab', 'Mianke Mor', '', 'PKR', '31.2024', '73.9486', NULL, '2023-11-07 12:34:38', '2023-11-07 12:34:38'),
(314, '182.185.142.240', 'xj72zd', 'Pakistan', 'PK', 'PB', 'Punjab', 'Mianke Mor', '', 'PKR', '31.2024', '73.9486', NULL, '2023-11-07 12:35:51', '2023-11-07 12:35:51'),
(315, '182.185.142.240', 'f8UTs4', 'Pakistan', 'PK', 'PB', 'Punjab', 'Mianke Mor', '', 'PKR', '31.2024', '73.9486', NULL, '2023-11-07 12:36:02', '2023-11-07 12:36:02'),
(316, '182.185.142.240', 'itPRhR', 'Pakistan', 'PK', 'PB', 'Punjab', 'Mianke Mor', '', 'PKR', '31.2024', '73.9486', NULL, '2023-11-07 12:44:36', '2023-11-07 12:44:36'),
(317, '182.185.142.240', 'FI3gsu', 'Pakistan', 'PK', 'PB', 'Punjab', 'Mianke Mor', '', 'PKR', '31.2024', '73.9486', NULL, '2023-11-07 12:50:15', '2023-11-07 12:50:15'),
(318, '182.185.142.240', 'pSCOYH', 'Pakistan', 'PK', 'PB', 'Punjab', 'Mianke Mor', '', 'PKR', '31.2024', '73.9486', NULL, '2023-11-07 12:51:05', '2023-11-07 12:51:05'),
(319, '182.185.142.240', 'M87ukI', 'Pakistan', 'PK', 'PB', 'Punjab', 'Mianke Mor', '', 'PKR', '31.2024', '73.9486', NULL, '2023-11-07 12:51:39', '2023-11-07 12:51:39'),
(320, '182.185.142.240', '7S59Ty', 'Pakistan', 'PK', 'PB', 'Punjab', 'Mianke Mor', '', 'PKR', '31.2024', '73.9486', NULL, '2023-11-07 12:51:47', '2023-11-07 12:51:47'),
(321, '182.185.142.240', 'sPZ83a', 'Pakistan', 'PK', 'PB', 'Punjab', 'Mianke Mor', '', 'PKR', '31.2024', '73.9486', NULL, '2023-11-07 12:51:52', '2023-11-07 12:51:52'),
(322, '182.185.142.240', 'kN6SEU', 'Pakistan', 'PK', 'PB', 'Punjab', 'Mianke Mor', '', 'PKR', '31.2024', '73.9486', NULL, '2023-11-07 12:54:11', '2023-11-07 12:54:11'),
(323, '182.185.142.240', 'G56i7h', 'Pakistan', 'PK', 'PB', 'Punjab', 'Mianke Mor', '', 'PKR', '31.2024', '73.9486', NULL, '2023-11-08 04:26:33', '2023-11-08 04:26:33'),
(324, '182.185.142.240', 'vDpYQA', 'Pakistan', 'PK', 'PB', 'Punjab', 'Mianke Mor', '', 'PKR', '31.2024', '73.9486', NULL, '2023-11-08 04:26:38', '2023-11-08 04:26:38'),
(325, '182.185.142.240', 'an6cuC', 'Pakistan', 'PK', 'PB', 'Punjab', 'Mianke Mor', '', 'PKR', '31.2024', '73.9486', NULL, '2023-11-10 07:52:14', '2023-11-10 07:52:14'),
(326, '182.185.142.240', 'zlF1NM', 'Pakistan', 'PK', 'PB', 'Punjab', 'Mianke Mor', '', 'PKR', '31.2024', '73.9486', NULL, '2023-11-10 07:54:10', '2023-11-10 07:54:10'),
(327, '182.185.142.240', '2Dcdjk', 'Pakistan', 'PK', 'PB', 'Punjab', 'Mianke Mor', '', 'PKR', '31.2024', '73.9486', NULL, '2023-11-10 08:05:21', '2023-11-10 08:05:21'),
(328, '182.185.142.240', 'nvigEK', 'Pakistan', 'PK', 'PB', 'Punjab', 'Mianke Mor', '', 'PKR', '31.2024', '73.9486', NULL, '2023-11-10 08:06:45', '2023-11-10 08:06:45'),
(329, '182.185.142.240', 'l3wrRl', 'Pakistan', 'PK', 'PB', 'Punjab', 'Mianke Mor', '', 'PKR', '31.2024', '73.9486', NULL, '2023-11-10 08:07:45', '2023-11-10 08:07:45'),
(330, '182.185.142.240', 'vpCFui', 'Pakistan', 'PK', 'PB', 'Punjab', 'Mianke Mor', '', 'PKR', '31.2024', '73.9486', NULL, '2023-11-10 08:11:23', '2023-11-10 08:11:23'),
(331, '182.185.142.240', 'BNNl3U', 'Pakistan', 'PK', 'PB', 'Punjab', 'Mianke Mor', '', 'PKR', '31.2024', '73.9486', NULL, '2023-11-10 08:15:00', '2023-11-10 08:15:00'),
(332, '182.185.142.240', 'kVZabw', 'Pakistan', 'PK', 'PB', 'Punjab', 'Mianke Mor', '', 'PKR', '31.2024', '73.9486', NULL, '2023-11-10 08:15:32', '2023-11-10 08:15:32'),
(333, '182.185.142.240', 'lOUDNW', 'Pakistan', 'PK', 'PB', 'Punjab', 'Mianke Mor', '', 'PKR', '31.2024', '73.9486', NULL, '2023-11-10 08:25:51', '2023-11-10 08:25:51'),
(334, '182.185.142.240', 'HkssCw', 'Pakistan', 'PK', 'PB', 'Punjab', 'Mianke Mor', '', 'PKR', '31.2024', '73.9486', NULL, '2023-11-10 08:26:12', '2023-11-10 08:26:12'),
(335, '182.185.142.240', 'RhEoJ3', 'Pakistan', 'PK', 'PB', 'Punjab', 'Mianke Mor', '', 'PKR', '31.2024', '73.9486', NULL, '2023-11-10 08:29:34', '2023-11-10 08:29:34'),
(336, '182.185.142.240', '9SEaDb', 'Pakistan', 'PK', 'PB', 'Punjab', 'Shekhupura', '39350', 'PKR', '31.6934', '74.1859', NULL, '2023-11-10 08:30:30', '2023-11-10 08:30:30'),
(337, '182.185.142.240', 'SolHP7', 'Pakistan', 'PK', 'PB', 'Punjab', 'Mianke Mor', '', 'PKR', '31.2024', '73.9486', NULL, '2023-11-10 08:30:41', '2023-11-10 08:30:41'),
(338, '182.185.142.240', 'fOgJgf', 'Pakistan', 'PK', 'PB', 'Punjab', 'Mianke Mor', '', 'PKR', '31.2024', '73.9486', NULL, '2023-11-10 08:31:08', '2023-11-10 08:31:08'),
(339, '182.185.142.240', 'RrqcPe', 'Pakistan', 'PK', 'PB', 'Punjab', 'Mianke Mor', '', 'PKR', '31.2024', '73.9486', NULL, '2023-11-10 08:31:23', '2023-11-10 08:31:23'),
(340, '182.185.142.240', 'nHkOQs', 'Pakistan', 'PK', 'PB', 'Punjab', 'Shekhupura', '39350', 'PKR', '31.6934', '74.1859', NULL, '2023-11-10 08:40:08', '2023-11-10 08:40:08'),
(341, '182.185.142.240', '7OEcFq', 'Pakistan', 'PK', 'PB', 'Punjab', 'Shekhupura', '39350', 'PKR', '31.6934', '74.1859', NULL, '2023-11-10 08:40:32', '2023-11-10 08:40:32'),
(342, '182.185.142.240', 'Tvmfcq', 'Pakistan', 'PK', 'PB', 'Punjab', 'Shekhupura', '39350', 'PKR', '31.6934', '74.1859', NULL, '2023-11-10 08:40:34', '2023-11-10 08:40:34'),
(343, '182.185.142.240', 'hOlZUj', 'Pakistan', 'PK', 'PB', 'Punjab', 'Mianke Mor', '', 'PKR', '31.2024', '73.9486', NULL, '2023-11-10 08:41:36', '2023-11-10 08:41:36'),
(344, '182.185.142.240', 'D08y12', 'Pakistan', 'PK', 'PB', 'Punjab', 'Shekhupura', '39350', 'PKR', '31.6934', '74.1859', NULL, '2023-11-10 08:47:13', '2023-11-10 08:47:13'),
(345, '182.185.142.240', '54wVnU', 'Pakistan', 'PK', 'PB', 'Punjab', 'Shekhupura', '39350', 'PKR', '31.6934', '74.1859', NULL, '2023-11-10 08:49:02', '2023-11-10 08:49:02'),
(346, '182.185.142.240', '5tuPBr', 'Pakistan', 'PK', 'PB', 'Punjab', 'Shekhupura', '39350', 'PKR', '31.6934', '74.1859', NULL, '2023-11-10 08:49:33', '2023-11-10 08:49:33'),
(347, '182.185.142.240', '4WieKx', 'Pakistan', 'PK', 'PB', 'Punjab', 'Shekhupura', '39350', 'PKR', '31.6934', '74.1859', NULL, '2023-11-10 11:52:44', '2023-11-10 11:52:44'),
(348, '182.185.142.240', 'dBeOzF', 'Pakistan', 'PK', 'PB', 'Punjab', 'Shekhupura', '39350', 'PKR', '31.6934', '74.1859', NULL, '2023-11-10 11:53:20', '2023-11-10 11:53:20'),
(349, '182.185.142.240', 'QgQr7d', 'Pakistan', 'PK', 'PB', 'Punjab', 'Shekhupura', '39350', 'PKR', '31.6934', '74.1859', NULL, '2023-11-10 11:53:27', '2023-11-10 11:53:27'),
(350, '182.185.142.240', 'P8GLg7', 'Pakistan', 'PK', 'PB', 'Punjab', 'Shekhupura', '39350', 'PKR', '31.6934', '74.1859', NULL, '2023-11-10 11:53:52', '2023-11-10 11:53:52'),
(351, '182.185.142.240', 'W8LJJz', 'Pakistan', 'PK', 'PB', 'Punjab', 'Shekhupura', '39350', 'PKR', '31.6934', '74.1859', NULL, '2023-11-10 11:54:21', '2023-11-10 11:54:21'),
(352, '182.185.142.240', '6rKnzw', 'Pakistan', 'PK', 'PB', 'Punjab', 'Shekhupura', '39350', 'PKR', '31.6934', '74.1859', NULL, '2023-11-10 11:54:34', '2023-11-10 11:54:34'),
(353, '182.185.142.240', 'nss6ZG', 'Pakistan', 'PK', 'PB', 'Punjab', 'Shekhupura', '39350', 'PKR', '31.6934', '74.1859', NULL, '2023-11-10 11:57:03', '2023-11-10 11:57:03'),
(354, '182.185.142.240', 'm3wwlm', 'Pakistan', 'PK', 'PB', 'Punjab', 'Shekhupura', '39350', 'PKR', '31.6934', '74.1859', NULL, '2023-11-10 11:57:10', '2023-11-10 11:57:10'),
(355, '182.185.142.240', 'R0k4Aj', 'Pakistan', 'PK', 'PB', 'Punjab', 'Shekhupura', '39350', 'PKR', '31.6934', '74.1859', NULL, '2023-11-10 12:13:35', '2023-11-10 12:13:35'),
(356, '182.185.142.240', 'MDKdVb', 'Pakistan', 'PK', 'PB', 'Punjab', 'Shekhupura', '39350', 'PKR', '31.6934', '74.1859', NULL, '2023-11-10 12:18:44', '2023-11-10 12:18:44'),
(357, '182.185.142.240', 'uBy4jX', 'Pakistan', 'PK', 'PB', 'Punjab', 'Shekhupura', '39350', 'PKR', '31.6934', '74.1859', NULL, '2023-11-10 12:22:07', '2023-11-10 12:22:07'),
(358, '182.185.142.240', 'qcJhGq', 'Pakistan', 'PK', 'PB', 'Punjab', 'Shekhupura', '39350', 'PKR', '31.6934', '74.1859', NULL, '2023-11-10 12:25:07', '2023-11-10 12:25:07'),
(359, '182.185.142.240', 'cyIi2W', 'Pakistan', 'PK', 'PB', 'Punjab', 'Shekhupura', '39350', 'PKR', '31.6934', '74.1859', NULL, '2023-11-10 12:25:42', '2023-11-10 12:25:42'),
(360, '182.185.142.240', 'zgtbSS', 'Pakistan', 'PK', 'PB', 'Punjab', 'Shekhupura', '39350', 'PKR', '31.6934', '74.1859', NULL, '2023-11-10 12:29:19', '2023-11-10 12:29:19'),
(361, '182.185.142.240', 'dBfyJT', 'Pakistan', 'PK', 'PB', 'Punjab', 'Shekhupura', '39350', 'PKR', '31.6934', '74.1859', NULL, '2023-11-10 12:30:12', '2023-11-10 12:30:12'),
(362, '182.185.142.240', 'NymwYV', 'Pakistan', 'PK', 'PB', 'Punjab', 'Shekhupura', '39350', 'PKR', '31.6934', '74.1859', NULL, '2023-11-10 12:30:44', '2023-11-10 12:30:44'),
(363, '182.185.142.240', '817JJ8', 'Pakistan', 'PK', 'PB', 'Punjab', 'Shekhupura', '39350', 'PKR', '31.6934', '74.1859', NULL, '2023-11-10 12:32:22', '2023-11-10 12:32:22'),
(364, '182.185.142.240', 'kzXebP', 'Pakistan', 'PK', 'PB', 'Punjab', 'Shekhupura', '39350', 'PKR', '31.6934', '74.1859', NULL, '2023-11-10 12:32:27', '2023-11-10 12:32:27'),
(365, '182.185.142.240', 'xfxc0S', 'Pakistan', 'PK', 'PB', 'Punjab', 'Shekhupura', '39350', 'PKR', '31.6934', '74.1859', NULL, '2023-11-10 12:32:35', '2023-11-10 12:32:35'),
(366, '182.185.142.240', 'BnOpDR', 'Pakistan', 'PK', 'PB', 'Punjab', 'Shekhupura', '39350', 'PKR', '31.6934', '74.1859', NULL, '2023-11-10 12:33:44', '2023-11-10 12:33:44'),
(367, '182.185.142.240', 'u2ltg4', 'Pakistan', 'PK', 'PB', 'Punjab', 'Shekhupura', '39350', 'PKR', '31.6934', '74.1859', NULL, '2023-11-10 12:33:52', '2023-11-10 12:33:52'),
(368, '182.185.142.240', 'ab2PK3', 'Pakistan', 'PK', 'PB', 'Punjab', 'Shekhupura', '39350', 'PKR', '31.6934', '74.1859', NULL, '2023-11-10 12:34:51', '2023-11-10 12:34:51'),
(369, '182.185.142.240', 'c4yXEG', 'Pakistan', 'PK', 'PB', 'Punjab', 'Shekhupura', '39350', 'PKR', '31.6934', '74.1859', NULL, '2023-11-13 05:59:39', '2023-11-13 05:59:39'),
(370, '182.185.142.240', 't5x6zc', 'Pakistan', 'PK', 'PB', 'Punjab', 'Shekhupura', '39350', 'PKR', '31.6934', '74.1859', NULL, '2023-11-13 05:59:55', '2023-11-13 05:59:55'),
(371, '182.185.142.240', 'DtEDbE', 'Pakistan', 'PK', 'PB', 'Punjab', 'Shekhupura', '39350', 'PKR', '31.6934', '74.1859', NULL, '2023-11-13 08:11:16', '2023-11-13 08:11:16'),
(372, '182.185.142.240', 'ZMYOsL', 'Pakistan', 'PK', 'PB', 'Punjab', 'Shekhupura', '39350', 'PKR', '31.6934', '74.1859', NULL, '2023-11-13 08:12:07', '2023-11-13 08:12:07'),
(373, '182.185.142.240', 'ccXmb3', 'Pakistan', 'PK', 'PB', 'Punjab', 'Shekhupura', '39350', 'PKR', '31.6934', '74.1859', NULL, '2023-11-13 08:42:48', '2023-11-13 08:42:48'),
(374, '182.185.142.240', '4zZYKJ', 'Pakistan', 'PK', 'PB', 'Punjab', 'Shekhupura', '39350', 'PKR', '31.6934', '74.1859', NULL, '2023-11-13 08:43:02', '2023-11-13 08:43:02'),
(375, '182.185.142.240', 'MUXKxH', 'Pakistan', 'PK', 'PB', 'Punjab', 'Shekhupura', '39350', 'PKR', '31.6934', '74.1859', NULL, '2023-11-13 08:43:09', '2023-11-13 08:43:09'),
(376, '182.185.142.240', 'w8gLRL', 'Pakistan', 'PK', 'PB', 'Punjab', 'Shekhupura', '39350', 'PKR', '31.6934', '74.1859', NULL, '2023-11-13 10:16:59', '2023-11-13 10:16:59'),
(377, '182.185.142.240', 'hE5HWM', 'Pakistan', 'PK', 'PB', 'Punjab', 'Shekhupura', '39350', 'PKR', '31.6934', '74.1859', NULL, '2023-11-13 10:19:49', '2023-11-13 10:19:49'),
(378, '182.185.142.240', 'ed3U98', 'Pakistan', 'PK', 'PB', 'Punjab', 'Shekhupura', '39350', 'PKR', '31.6934', '74.1859', NULL, '2023-11-13 10:20:11', '2023-11-13 10:20:11'),
(379, '182.185.142.240', 'xHzly9', 'Pakistan', 'PK', 'PB', 'Punjab', 'Shekhupura', '39350', 'PKR', '31.6934', '74.1859', NULL, '2023-11-13 10:20:15', '2023-11-13 10:20:15'),
(380, '182.185.142.240', '2soyPb', 'Pakistan', 'PK', 'PB', 'Punjab', 'Shekhupura', '39350', 'PKR', '31.6934', '74.1859', NULL, '2023-11-13 10:52:52', '2023-11-13 10:52:52'),
(381, '182.185.142.240', 'HddBNA', 'Pakistan', 'PK', 'PB', 'Punjab', 'Shekhupura', '39350', 'PKR', '31.6934', '74.1859', NULL, '2023-11-13 10:58:51', '2023-11-13 10:58:51'),
(382, '182.185.142.240', 'Q1kyNw', 'Pakistan', 'PK', 'PB', 'Punjab', 'Shekhupura', '39350', 'PKR', '31.6934', '74.1859', NULL, '2023-11-13 10:59:27', '2023-11-13 10:59:27'),
(383, '182.185.142.240', 'KcNefU', 'Pakistan', 'PK', 'PB', 'Punjab', 'Shekhupura', '39350', 'PKR', '31.6934', '74.1859', NULL, '2023-11-13 11:05:51', '2023-11-13 11:05:51'),
(384, '182.185.142.240', '9FgIl4', 'Pakistan', 'PK', 'PB', 'Punjab', 'Shekhupura', '39350', 'PKR', '31.6934', '74.1859', NULL, '2023-11-13 11:43:55', '2023-11-13 11:43:55'),
(385, '182.185.142.240', 'S5rvzb', 'Pakistan', 'PK', 'PB', 'Punjab', 'Shekhupura', '39350', 'PKR', '31.6934', '74.1859', NULL, '2023-11-13 11:44:03', '2023-11-13 11:44:03'),
(386, '182.185.142.240', '6eV9wz', 'Pakistan', 'PK', 'PB', 'Punjab', 'Shekhupura', '39350', 'PKR', '31.6934', '74.1859', NULL, '2023-11-13 11:44:05', '2023-11-13 11:44:05'),
(387, '182.185.142.240', 'YtnyOd', 'Pakistan', 'PK', 'PB', 'Punjab', 'Shekhupura', '39350', 'PKR', '31.6934', '74.1859', NULL, '2023-11-13 11:44:11', '2023-11-13 11:44:11'),
(388, '182.185.142.240', 'knXvZJ', 'Pakistan', 'PK', 'PB', 'Punjab', 'Shekhupura', '39350', 'PKR', '31.6934', '74.1859', NULL, '2023-11-13 11:50:40', '2023-11-13 11:50:40'),
(389, '182.185.142.240', 'n3ZoBZ', 'Pakistan', 'PK', 'PB', 'Punjab', 'Shekhupura', '39350', 'PKR', '31.6934', '74.1859', NULL, '2023-11-14 04:34:42', '2023-11-14 04:34:42'),
(390, '182.185.142.240', 'CyjI4e', 'Pakistan', 'PK', 'PB', 'Punjab', 'Shekhupura', '39350', 'PKR', '31.6934', '74.1859', NULL, '2023-11-14 04:34:48', '2023-11-14 04:34:48'),
(391, '182.185.142.240', 'UBjZEn', 'Pakistan', 'PK', 'PB', 'Punjab', 'Shekhupura', '39350', 'PKR', '31.6934', '74.1859', NULL, '2023-11-14 04:53:43', '2023-11-14 04:53:43'),
(392, '182.185.142.240', '3QeHEV', 'Pakistan', 'PK', 'PB', 'Punjab', 'Shekhupura', '39350', 'PKR', '31.6934', '74.1859', NULL, '2023-11-14 04:53:53', '2023-11-14 04:53:53'),
(393, '182.185.142.240', 'hfY4Rg', 'Pakistan', 'PK', 'PB', 'Punjab', 'Shekhupura', '39350', 'PKR', '31.6934', '74.1859', NULL, '2023-11-14 04:54:10', '2023-11-14 04:54:10'),
(394, '182.185.142.240', 'cRoIpZ', 'Pakistan', 'PK', 'PB', 'Punjab', 'Shekhupura', '39350', 'PKR', '31.6934', '74.1859', NULL, '2023-11-14 04:54:13', '2023-11-14 04:54:13'),
(395, '182.185.142.240', 'Bqwbxi', 'Pakistan', 'PK', 'PB', 'Punjab', 'Shekhupura', '39350', 'PKR', '31.6934', '74.1859', NULL, '2023-11-14 04:54:56', '2023-11-14 04:54:56'),
(396, '182.185.142.240', 'AAIonS', 'Pakistan', 'PK', 'PB', 'Punjab', 'Shekhupura', '39350', 'PKR', '31.6934', '74.1859', NULL, '2023-11-14 04:55:12', '2023-11-14 04:55:12'),
(397, '182.185.142.240', '66h9qn', 'Pakistan', 'PK', 'PB', 'Punjab', 'Shekhupura', '39350', 'PKR', '31.6934', '74.1859', NULL, '2023-11-14 04:55:14', '2023-11-14 04:55:14'),
(398, '182.185.142.240', 'KrNPMh', 'Pakistan', 'PK', 'PB', 'Punjab', 'Shekhupura', '39350', 'PKR', '31.6934', '74.1859', NULL, '2023-11-14 04:55:18', '2023-11-14 04:55:18'),
(399, '182.185.142.240', 'BAQwyU', 'Pakistan', 'PK', 'PB', 'Punjab', 'Shekhupura', '39350', 'PKR', '31.6934', '74.1859', NULL, '2023-11-14 05:06:44', '2023-11-14 05:06:44'),
(400, '182.185.142.240', 'gkysV7', 'Pakistan', 'PK', 'PB', 'Punjab', 'Shekhupura', '39350', 'PKR', '31.6934', '74.1859', NULL, '2023-11-14 05:22:23', '2023-11-14 05:22:23'),
(401, '182.185.142.240', 'xC13TC', 'Pakistan', 'PK', 'PB', 'Punjab', 'Shekhupura', '39350', 'PKR', '31.6934', '74.1859', NULL, '2023-11-14 05:23:32', '2023-11-14 05:23:32'),
(402, '182.185.142.240', '0nJBQl', 'Pakistan', 'PK', 'PB', 'Punjab', 'Shekhupura', '39350', 'PKR', '31.6934', '74.1859', NULL, '2023-11-14 05:23:49', '2023-11-14 05:23:49'),
(403, '182.185.142.240', 'QYHUkP', 'Pakistan', 'PK', 'PB', 'Punjab', 'Shekhupura', '39350', 'PKR', '31.6934', '74.1859', NULL, '2023-11-14 05:23:51', '2023-11-14 05:23:51'),
(404, '182.185.142.240', '0zuFxC', 'Pakistan', 'PK', 'PB', 'Punjab', 'Shekhupura', '39350', 'PKR', '31.6934', '74.1859', NULL, '2023-11-14 05:24:57', '2023-11-14 05:24:57'),
(405, '182.185.142.240', 'cWkNX6', 'Pakistan', 'PK', 'PB', 'Punjab', 'Shekhupura', '39350', 'PKR', '31.6934', '74.1859', NULL, '2023-11-14 05:48:02', '2023-11-14 05:48:02'),
(406, '182.185.142.240', 'Bg3mgz', 'Pakistan', 'PK', 'PB', 'Punjab', 'Shekhupura', '39350', 'PKR', '31.6934', '74.1859', NULL, '2023-11-14 06:00:48', '2023-11-14 06:00:48'),
(407, '182.185.142.240', '4C1N7c', 'Pakistan', 'PK', 'PB', 'Punjab', 'Shekhupura', '39350', 'PKR', '31.6934', '74.1859', NULL, '2023-11-14 06:25:22', '2023-11-14 06:25:22'),
(408, '182.185.142.240', 'g3MHcR', 'Pakistan', 'PK', 'PB', 'Punjab', 'Shekhupura', '39350', 'PKR', '31.6934', '74.1859', NULL, '2023-11-14 06:25:28', '2023-11-14 06:25:28'),
(409, '182.185.142.240', 'kkDZjt', 'Pakistan', 'PK', 'PB', 'Punjab', 'Shekhupura', '39350', 'PKR', '31.6934', '74.1859', NULL, '2023-11-14 06:25:36', '2023-11-14 06:25:36'),
(410, '182.185.142.240', '7sZJO8', 'Pakistan', 'PK', 'PB', 'Punjab', 'Shekhupura', '39350', 'PKR', '31.6934', '74.1859', NULL, '2023-11-14 06:26:16', '2023-11-14 06:26:16'),
(411, '182.185.142.240', 'KEt1Kx', 'Pakistan', 'PK', 'PB', 'Punjab', 'Shekhupura', '39350', 'PKR', '31.6934', '74.1859', NULL, '2023-11-14 06:26:22', '2023-11-14 06:26:22'),
(412, '182.185.142.240', 'gjgyTa', 'Pakistan', 'PK', 'PB', 'Punjab', 'Shekhupura', '39350', 'PKR', '31.6934', '74.1859', NULL, '2023-11-14 06:27:14', '2023-11-14 06:27:14'),
(413, '182.185.142.240', 'LVFxUL', 'Pakistan', 'PK', 'PB', 'Punjab', 'Shekhupura', '39350', 'PKR', '31.6934', '74.1859', NULL, '2023-11-14 06:27:27', '2023-11-14 06:27:27'),
(414, '182.185.142.240', 'KhZwve', 'Pakistan', 'PK', 'PB', 'Punjab', 'Shekhupura', '39350', 'PKR', '31.6934', '74.1859', NULL, '2023-11-14 06:28:39', '2023-11-14 06:28:39'),
(415, '182.185.142.240', 'jRzPcI', 'Pakistan', 'PK', 'PB', 'Punjab', 'Shekhupura', '39350', 'PKR', '31.6934', '74.1859', NULL, '2023-11-14 06:28:57', '2023-11-14 06:28:57'),
(416, '182.185.142.240', 'ytbmBR', 'Pakistan', 'PK', 'PB', 'Punjab', 'Shekhupura', '39350', 'PKR', '31.6934', '74.1859', NULL, '2023-11-14 06:32:48', '2023-11-14 06:32:48'),
(417, '182.185.142.240', 'DppmW4', 'Pakistan', 'PK', 'PB', 'Punjab', 'Shekhupura', '39350', 'PKR', '31.6934', '74.1859', NULL, '2023-11-14 06:34:41', '2023-11-14 06:34:41'),
(418, '182.185.142.240', 'lPGdTS', 'Pakistan', 'PK', 'PB', 'Punjab', 'Shekhupura', '39350', 'PKR', '31.6934', '74.1859', NULL, '2023-11-14 06:34:43', '2023-11-14 06:34:43'),
(419, '182.185.142.240', 'ap4WKR', 'Pakistan', 'PK', 'PB', 'Punjab', 'Shekhupura', '39350', 'PKR', '31.6934', '74.1859', NULL, '2023-11-14 07:06:55', '2023-11-14 07:06:55'),
(420, '182.185.142.240', 'joFO0S', 'Pakistan', 'PK', 'PB', 'Punjab', 'Shekhupura', '39350', 'PKR', '31.6934', '74.1859', NULL, '2023-11-14 07:07:46', '2023-11-14 07:07:46'),
(421, '182.185.142.240', 'LTde23', 'Pakistan', 'PK', 'PB', 'Punjab', 'Shekhupura', '39350', 'PKR', '31.6934', '74.1859', NULL, '2023-11-14 07:07:50', '2023-11-14 07:07:50'),
(422, '182.185.142.240', '5xJ7gy', 'Pakistan', 'PK', 'PB', 'Punjab', 'Shekhupura', '39350', 'PKR', '31.6934', '74.1859', NULL, '2023-11-14 07:07:54', '2023-11-14 07:07:54'),
(423, '182.185.142.240', 'nledgi', 'Pakistan', 'PK', 'PB', 'Punjab', 'Shekhupura', '39350', 'PKR', '31.6934', '74.1859', NULL, '2023-11-14 07:09:21', '2023-11-14 07:09:21'),
(424, '182.185.142.240', 'dx0PG8', 'Pakistan', 'PK', 'PB', 'Punjab', 'Shekhupura', '39350', 'PKR', '31.6934', '74.1859', NULL, '2023-11-14 07:45:42', '2023-11-14 07:45:42'),
(425, '182.185.142.240', '5GCJe3', 'Pakistan', 'PK', 'PB', 'Punjab', 'Shekhupura', '39350', 'PKR', '31.6934', '74.1859', NULL, '2023-11-14 07:45:46', '2023-11-14 07:45:46'),
(426, '182.185.142.240', 'RSBGyF', 'Pakistan', 'PK', 'PB', 'Punjab', 'Shekhupura', '39350', 'PKR', '31.6934', '74.1859', NULL, '2023-11-14 07:45:49', '2023-11-14 07:45:49'),
(427, '182.185.142.240', 'wqUpyv', 'Pakistan', 'PK', 'PB', 'Punjab', 'Shekhupura', '39350', 'PKR', '31.6934', '74.1859', NULL, '2023-11-14 07:46:46', '2023-11-14 07:46:46'),
(428, '182.185.142.240', 'FzOLxz', 'Pakistan', 'PK', 'PB', 'Punjab', 'Shekhupura', '39350', 'PKR', '31.6934', '74.1859', NULL, '2023-11-14 07:46:59', '2023-11-14 07:46:59'),
(429, '182.185.142.240', '99Au5s', 'Pakistan', 'PK', 'PB', 'Punjab', 'Shekhupura', '39350', 'PKR', '31.6934', '74.1859', NULL, '2023-11-14 07:47:13', '2023-11-14 07:47:13'),
(430, '182.185.142.240', '1RjSBq', 'Pakistan', 'PK', 'PB', 'Punjab', 'Shekhupura', '39350', 'PKR', '31.6934', '74.1859', NULL, '2023-11-14 07:47:19', '2023-11-14 07:47:19'),
(431, '182.185.142.240', 'skzBlf', 'Pakistan', 'PK', 'PB', 'Punjab', 'Shekhupura', '39350', 'PKR', '31.6934', '74.1859', NULL, '2023-11-14 08:01:09', '2023-11-14 08:01:09'),
(432, '182.185.142.240', 'RlSVtI', 'Pakistan', 'PK', 'PB', 'Punjab', 'Shekhupura', '39350', 'PKR', '31.6934', '74.1859', NULL, '2023-11-14 08:02:46', '2023-11-14 08:02:46'),
(433, '182.185.142.240', 'A1m31P', 'Pakistan', 'PK', 'PB', 'Punjab', 'Shekhupura', '39350', 'PKR', '31.6934', '74.1859', NULL, '2023-11-14 08:02:49', '2023-11-14 08:02:49'),
(434, '182.185.142.240', 'OneM9A', 'Pakistan', 'PK', 'PB', 'Punjab', 'Shekhupura', '39350', 'PKR', '31.6934', '74.1859', NULL, '2023-11-14 08:02:56', '2023-11-14 08:02:56'),
(435, '182.185.142.240', 'NmhTIm', 'Pakistan', 'PK', 'PB', 'Punjab', 'Shekhupura', '39350', 'PKR', '31.6934', '74.1859', NULL, '2023-11-14 08:23:19', '2023-11-14 08:23:19'),
(436, '182.185.142.240', 'Ui0yuG', 'Pakistan', 'PK', 'PB', 'Punjab', 'Shekhupura', '39350', 'PKR', '31.6934', '74.1859', NULL, '2023-11-14 08:23:24', '2023-11-14 08:23:24'),
(437, '182.185.142.240', 'wKf5fh', 'Pakistan', 'PK', 'PB', 'Punjab', 'Shekhupura', '39350', 'PKR', '31.6934', '74.1859', NULL, '2023-11-14 08:51:22', '2023-11-14 08:51:22'),
(438, '182.185.142.240', 'WCiHTf', 'Pakistan', 'PK', 'PB', 'Punjab', 'Shekhupura', '39350', 'PKR', '31.6934', '74.1859', NULL, '2023-11-14 08:53:51', '2023-11-14 08:53:51'),
(439, '182.185.142.240', '4cbNip', 'Pakistan', 'PK', 'PB', 'Punjab', 'Shekhupura', '39350', 'PKR', '31.6934', '74.1859', NULL, '2023-11-14 08:58:15', '2023-11-14 08:58:15'),
(440, '182.185.142.240', 'DYxobE', 'Pakistan', 'PK', 'PB', 'Punjab', 'Shekhupura', '39350', 'PKR', '31.6934', '74.1859', NULL, '2023-11-14 09:00:02', '2023-11-14 09:00:02'),
(441, '182.185.142.240', '5nw9Dd', 'Pakistan', 'PK', 'PB', 'Punjab', 'Shekhupura', '39350', 'PKR', '31.6934', '74.1859', NULL, '2023-11-14 09:02:35', '2023-11-14 09:02:35'),
(442, '182.185.142.240', '82xmRe', 'Pakistan', 'PK', 'PB', 'Punjab', 'Shekhupura', '39350', 'PKR', '31.6934', '74.1859', NULL, '2023-11-14 09:03:06', '2023-11-14 09:03:06'),
(443, '182.185.142.240', 'DiKecz', 'Pakistan', 'PK', 'PB', 'Punjab', 'Shekhupura', '39350', 'PKR', '31.6934', '74.1859', NULL, '2023-11-14 09:03:31', '2023-11-14 09:03:31'),
(444, '182.185.142.240', 'Rc0bjc', 'Pakistan', 'PK', 'PB', 'Punjab', 'Shekhupura', '39350', 'PKR', '31.6934', '74.1859', NULL, '2023-11-14 09:03:35', '2023-11-14 09:03:35'),
(445, '182.185.142.240', 'RWmSXg', 'Pakistan', 'PK', 'PB', 'Punjab', 'Shekhupura', '39350', 'PKR', '31.6934', '74.1859', NULL, '2023-11-14 09:05:50', '2023-11-14 09:05:50'),
(446, '182.185.142.240', 'sk09yj', 'Pakistan', 'PK', 'PB', 'Punjab', 'Shekhupura', '39350', 'PKR', '31.6934', '74.1859', NULL, '2023-11-14 09:05:58', '2023-11-14 09:05:58'),
(447, '182.185.142.240', 'JQhxRV', 'Pakistan', 'PK', 'PB', 'Punjab', 'Shekhupura', '39350', 'PKR', '31.6934', '74.1859', NULL, '2023-11-14 09:07:36', '2023-11-14 09:07:36'),
(448, '182.185.142.240', 'na4b4d', 'Pakistan', 'PK', 'PB', 'Punjab', 'Shekhupura', '39350', 'PKR', '31.6934', '74.1859', NULL, '2023-11-14 09:08:33', '2023-11-14 09:08:33');
INSERT INTO `visitors` (`id`, `ip_address`, `channel_name`, `country_name`, `country_code`, `region_code`, `region_name`, `city_name`, `zip_code`, `currency_code`, `latitude`, `longitude`, `deleted_at`, `created_at`, `updated_at`) VALUES
(449, '182.185.142.240', 'lPa2V7', 'Pakistan', 'PK', 'PB', 'Punjab', 'Shekhupura', '39350', 'PKR', '31.6934', '74.1859', NULL, '2023-11-14 09:15:24', '2023-11-14 09:15:24'),
(450, '182.185.142.240', 'eKAwRS', 'Pakistan', 'PK', 'PB', 'Punjab', 'Shekhupura', '39350', 'PKR', '31.6934', '74.1859', NULL, '2023-11-14 09:15:31', '2023-11-14 09:15:31'),
(451, '182.185.142.240', 'KlbIQ3', 'Pakistan', 'PK', 'PB', 'Punjab', 'Shekhupura', '39350', 'PKR', '31.6934', '74.1859', NULL, '2023-11-14 09:16:41', '2023-11-14 09:16:41'),
(452, '182.185.142.240', '66nlFu', 'Pakistan', 'PK', 'PB', 'Punjab', 'Shekhupura', '39350', 'PKR', '31.6934', '74.1859', NULL, '2023-11-14 09:16:44', '2023-11-14 09:16:44'),
(453, '182.185.142.240', 'H3hghv', 'Pakistan', 'PK', 'PB', 'Punjab', 'Shekhupura', '39350', 'PKR', '31.6934', '74.1859', NULL, '2023-11-14 09:16:54', '2023-11-14 09:16:54'),
(454, '182.185.142.240', 'z0MTEy', 'Pakistan', 'PK', 'PB', 'Punjab', 'Shekhupura', '39350', 'PKR', '31.6934', '74.1859', NULL, '2023-11-14 09:18:42', '2023-11-14 09:18:42'),
(455, '182.185.142.240', 'AL3JCB', 'Pakistan', 'PK', 'PB', 'Punjab', 'Shekhupura', '39350', 'PKR', '31.6934', '74.1859', NULL, '2023-11-14 09:18:48', '2023-11-14 09:18:48'),
(456, '182.185.142.240', 'Sfrn0H', 'Pakistan', 'PK', 'PB', 'Punjab', 'Shekhupura', '39350', 'PKR', '31.6934', '74.1859', NULL, '2023-11-14 09:19:24', '2023-11-14 09:19:24'),
(457, '182.185.142.240', 'wsWeFP', 'Pakistan', 'PK', 'PB', 'Punjab', 'Shekhupura', '39350', 'PKR', '31.6934', '74.1859', NULL, '2023-11-14 09:19:30', '2023-11-14 09:19:30'),
(458, '182.185.142.240', 'HIWKHX', 'Pakistan', 'PK', 'PB', 'Punjab', 'Shekhupura', '39350', 'PKR', '31.6934', '74.1859', NULL, '2023-11-14 09:20:08', '2023-11-14 09:20:08'),
(459, '182.185.142.240', 'Z9FYsj', 'Pakistan', 'PK', 'PB', 'Punjab', 'Shekhupura', '39350', 'PKR', '31.6934', '74.1859', NULL, '2023-11-14 10:29:03', '2023-11-14 10:29:03'),
(460, '182.185.142.240', 'd3SOaT', 'Pakistan', 'PK', 'PB', 'Punjab', 'Shekhupura', '39350', 'PKR', '31.6934', '74.1859', NULL, '2023-11-14 10:29:22', '2023-11-14 10:29:22'),
(461, '182.185.142.240', 'FauVE1', 'Pakistan', 'PK', 'PB', 'Punjab', 'Shekhupura', '39350', 'PKR', '31.6934', '74.1859', NULL, '2023-11-14 10:34:24', '2023-11-14 10:34:24'),
(462, '182.185.142.240', '6UA1Pj', 'Pakistan', 'PK', 'PB', 'Punjab', 'Shekhupura', '39350', 'PKR', '31.6934', '74.1859', NULL, '2023-11-14 10:34:44', '2023-11-14 10:34:44'),
(463, '182.185.142.240', 'qM61Wt', 'Pakistan', 'PK', 'PB', 'Punjab', 'Shekhupura', '39350', 'PKR', '31.6934', '74.1859', NULL, '2023-11-14 10:34:48', '2023-11-14 10:34:48'),
(464, '182.185.142.240', 'PeRM1M', 'Pakistan', 'PK', 'PB', 'Punjab', 'Shekhupura', '39350', 'PKR', '31.6934', '74.1859', NULL, '2023-11-14 10:34:53', '2023-11-14 10:34:53'),
(465, '182.185.142.240', 'h6OX7d', 'Pakistan', 'PK', 'PB', 'Punjab', 'Shekhupura', '39350', 'PKR', '31.6934', '74.1859', NULL, '2023-11-14 10:35:01', '2023-11-14 10:35:01'),
(466, '182.185.142.240', 'DyDidz', 'Pakistan', 'PK', 'PB', 'Punjab', 'Shekhupura', '39350', 'PKR', '31.6934', '74.1859', NULL, '2023-11-14 10:36:45', '2023-11-14 10:36:45'),
(467, '182.185.142.240', 'OzHHCq', 'Pakistan', 'PK', 'PB', 'Punjab', 'Shekhupura', '39350', 'PKR', '31.6934', '74.1859', NULL, '2023-11-14 10:36:48', '2023-11-14 10:36:48'),
(468, '182.185.142.240', 'wGsXbv', 'Pakistan', 'PK', 'PB', 'Punjab', 'Shekhupura', '39350', 'PKR', '31.6934', '74.1859', NULL, '2023-11-14 10:38:32', '2023-11-14 10:38:32'),
(469, '182.185.142.240', 'XhPlJ8', 'Pakistan', 'PK', 'PB', 'Punjab', 'Shekhupura', '39350', 'PKR', '31.6934', '74.1859', NULL, '2023-11-14 10:38:40', '2023-11-14 10:38:40'),
(470, '182.185.142.240', 'lnCuVt', 'Pakistan', 'PK', 'PB', 'Punjab', 'Shekhupura', '39350', 'PKR', '31.6934', '74.1859', NULL, '2023-11-14 10:47:11', '2023-11-14 10:47:11'),
(471, '182.185.142.240', 'uspwNy', 'Pakistan', 'PK', 'PB', 'Punjab', 'Shekhupura', '39350', 'PKR', '31.6934', '74.1859', NULL, '2023-11-14 10:48:24', '2023-11-14 10:48:24'),
(472, '182.185.142.240', 'i0doFP', 'Pakistan', 'PK', 'PB', 'Punjab', 'Shekhupura', '39350', 'PKR', '31.6934', '74.1859', NULL, '2023-11-14 10:48:28', '2023-11-14 10:48:28'),
(473, '182.185.142.240', 'ceunnn', 'Pakistan', 'PK', 'PB', 'Punjab', 'Shekhupura', '39350', 'PKR', '31.6934', '74.1859', NULL, '2023-11-14 10:48:57', '2023-11-14 10:48:57'),
(474, '182.185.142.240', 'ATZJQx', 'Pakistan', 'PK', 'PB', 'Punjab', 'Shekhupura', '39350', 'PKR', '31.6934', '74.1859', NULL, '2023-11-14 10:49:26', '2023-11-14 10:49:26'),
(475, '182.185.142.240', 'P474dH', 'Pakistan', 'PK', 'PB', 'Punjab', 'Shekhupura', '39350', 'PKR', '31.6934', '74.1859', NULL, '2023-11-14 10:50:10', '2023-11-14 10:50:10'),
(476, '182.185.142.240', '9wzwlx', 'Pakistan', 'PK', 'PB', 'Punjab', 'Shekhupura', '39350', 'PKR', '31.6934', '74.1859', NULL, '2023-11-14 10:51:00', '2023-11-14 10:51:00'),
(477, '182.185.142.240', '5FIhe3', 'Pakistan', 'PK', 'PB', 'Punjab', 'Shekhupura', '39350', 'PKR', '31.6934', '74.1859', NULL, '2023-11-14 10:51:02', '2023-11-14 10:51:02'),
(478, '182.185.142.240', 'Y2FXLP', 'Pakistan', 'PK', 'PB', 'Punjab', 'Shekhupura', '39350', 'PKR', '31.6934', '74.1859', NULL, '2023-11-14 10:51:21', '2023-11-14 10:51:21'),
(479, '182.185.142.240', 'Rcvcu8', 'Pakistan', 'PK', 'PB', 'Punjab', 'Shekhupura', '39350', 'PKR', '31.6934', '74.1859', NULL, '2023-11-14 10:51:36', '2023-11-14 10:51:36'),
(480, '182.185.142.240', 'LcUERl', 'Pakistan', 'PK', 'PB', 'Punjab', 'Shekhupura', '39350', 'PKR', '31.6934', '74.1859', NULL, '2023-11-14 10:56:02', '2023-11-14 10:56:02'),
(481, '182.185.142.240', 'nSgaPK', 'Pakistan', 'PK', 'PB', 'Punjab', 'Shekhupura', '39350', 'PKR', '31.6934', '74.1859', NULL, '2023-11-14 10:56:10', '2023-11-14 10:56:10'),
(482, '182.185.142.240', 'jtr6GB', 'Pakistan', 'PK', 'PB', 'Punjab', 'Shekhupura', '39350', 'PKR', '31.6934', '74.1859', NULL, '2023-11-14 10:56:13', '2023-11-14 10:56:13'),
(483, '182.185.142.240', 'uWvIH5', 'Pakistan', 'PK', 'PB', 'Punjab', 'Shekhupura', '39350', 'PKR', '31.6934', '74.1859', NULL, '2023-11-14 10:56:16', '2023-11-14 10:56:16'),
(484, '182.185.142.240', 'f3907Q', 'Pakistan', 'PK', 'PB', 'Punjab', 'Shekhupura', '39350', 'PKR', '31.6934', '74.1859', NULL, '2023-11-14 11:18:04', '2023-11-14 11:18:04'),
(485, '182.185.142.240', 'kFztEt', 'Pakistan', 'PK', 'PB', 'Punjab', 'Shekhupura', '39350', 'PKR', '31.6934', '74.1859', NULL, '2023-11-14 11:18:08', '2023-11-14 11:18:08'),
(486, '182.185.142.240', 'txz04i', 'Pakistan', 'PK', 'PB', 'Punjab', 'Shekhupura', '39350', 'PKR', '31.6934', '74.1859', NULL, '2023-11-14 11:18:49', '2023-11-14 11:18:49'),
(487, '182.185.142.240', 'dXkOX3', 'Pakistan', 'PK', 'PB', 'Punjab', 'Shekhupura', '39350', 'PKR', '31.6934', '74.1859', NULL, '2023-11-14 11:19:32', '2023-11-14 11:19:32'),
(488, '182.185.142.240', 'JxJD3P', 'Pakistan', 'PK', 'PB', 'Punjab', 'Shekhupura', '39350', 'PKR', '31.6934', '74.1859', NULL, '2023-11-14 11:27:20', '2023-11-14 11:27:20'),
(489, '182.185.142.240', 'LlHBA8', 'Pakistan', 'PK', 'PB', 'Punjab', 'Shekhupura', '39350', 'PKR', '31.6934', '74.1859', NULL, '2023-11-14 11:45:29', '2023-11-14 11:45:29'),
(490, '182.185.142.240', '2YnBGV', 'Pakistan', 'PK', 'PB', 'Punjab', 'Shekhupura', '39350', 'PKR', '31.6934', '74.1859', NULL, '2023-11-14 11:45:31', '2023-11-14 11:45:31'),
(491, '182.185.142.240', 'Wzl4Iu', 'Pakistan', 'PK', 'PB', 'Punjab', 'Shekhupura', '39350', 'PKR', '31.6934', '74.1859', NULL, '2023-11-14 11:45:42', '2023-11-14 11:45:42'),
(492, '182.185.142.240', 'MAhVG3', 'Pakistan', 'PK', 'PB', 'Punjab', 'Shekhupura', '39350', 'PKR', '31.6934', '74.1859', NULL, '2023-11-15 12:11:45', '2023-11-15 12:11:45'),
(493, '182.185.142.240', 'IMNuHy', 'Pakistan', 'PK', 'PB', 'Punjab', 'Shekhupura', '39350', 'PKR', '31.6934', '74.1859', NULL, '2023-11-15 12:11:52', '2023-11-15 12:11:52'),
(494, '182.185.142.240', 'h8KwEK', 'Pakistan', 'PK', 'PB', 'Punjab', 'Shekhupura', '39350', 'PKR', '31.6934', '74.1859', NULL, '2023-11-15 12:12:03', '2023-11-15 12:12:03'),
(495, '182.185.142.240', '5e63PW', 'Pakistan', 'PK', 'PB', 'Punjab', 'Shekhupura', '39350', 'PKR', '31.6934', '74.1859', NULL, '2023-11-15 12:13:41', '2023-11-15 12:13:41'),
(496, '182.185.142.240', 'jm6FyW', 'Pakistan', 'PK', 'PB', 'Punjab', 'Shekhupura', '39350', 'PKR', '31.6934', '74.1859', NULL, '2023-11-15 12:14:16', '2023-11-15 12:14:16'),
(497, '182.185.142.240', 'K4wmyJ', 'Pakistan', 'PK', 'PB', 'Punjab', 'Shekhupura', '39350', 'PKR', '31.6934', '74.1859', NULL, '2023-11-15 12:15:31', '2023-11-15 12:15:31'),
(498, '182.185.142.240', 'sWEKYh', 'Pakistan', 'PK', 'PB', 'Punjab', 'Shekhupura', '39350', 'PKR', '31.6934', '74.1859', NULL, '2023-11-15 12:15:35', '2023-11-15 12:15:35'),
(499, '182.185.142.240', 'hE8BQ6', 'Pakistan', 'PK', 'PB', 'Punjab', 'Shekhupura', '39350', 'PKR', '31.6934', '74.1859', NULL, '2023-11-15 12:15:37', '2023-11-15 12:15:37'),
(500, '182.185.142.240', 'TDSFu5', 'Pakistan', 'PK', 'PB', 'Punjab', 'Shekhupura', '39350', 'PKR', '31.6934', '74.1859', NULL, '2023-11-16 08:20:51', '2023-11-16 08:20:51'),
(501, '182.185.142.240', 'Ekm1Cg', 'Pakistan', 'PK', 'PB', 'Punjab', 'Shekhupura', '39350', 'PKR', '31.6934', '74.1859', NULL, '2023-11-16 08:21:14', '2023-11-16 08:21:14'),
(502, '182.185.142.240', 'CHPJSr', 'Pakistan', 'PK', 'PB', 'Punjab', 'Shekhupura', '39350', 'PKR', '31.6934', '74.1859', NULL, '2023-11-16 08:28:59', '2023-11-16 08:28:59'),
(503, '182.185.142.240', 'QsXAgz', 'Pakistan', 'PK', 'PB', 'Punjab', 'Shekhupura', '39350', 'PKR', '31.6934', '74.1859', NULL, '2023-11-16 08:29:40', '2023-11-16 08:29:40'),
(504, '182.185.142.240', 'xl99K2', 'Pakistan', 'PK', 'PB', 'Punjab', 'Shekhupura', '39350', 'PKR', '31.6934', '74.1859', NULL, '2023-11-16 08:29:50', '2023-11-16 08:29:50'),
(505, '182.185.142.240', 'GibKUl', 'Pakistan', 'PK', 'PB', 'Punjab', 'Shekhupura', '39350', 'PKR', '31.6934', '74.1859', NULL, '2023-11-16 08:29:52', '2023-11-16 08:29:52'),
(506, '182.185.142.240', 'JxItol', 'Pakistan', 'PK', 'PB', 'Punjab', 'Shekhupura', '39350', 'PKR', '31.6934', '74.1859', NULL, '2023-11-16 08:29:54', '2023-11-16 08:29:54'),
(507, '182.185.142.240', 'gAH7R8', 'Pakistan', 'PK', 'PB', 'Punjab', 'Shekhupura', '39350', 'PKR', '31.6934', '74.1859', NULL, '2023-11-16 08:30:04', '2023-11-16 08:30:04'),
(508, '182.185.142.240', 'jrHEZW', 'Pakistan', 'PK', 'PB', 'Punjab', 'Shekhupura', '39350', 'PKR', '31.6934', '74.1859', NULL, '2023-11-16 08:30:43', '2023-11-16 08:30:43'),
(509, '182.185.142.240', 'lYMQYc', 'Pakistan', 'PK', 'PB', 'Punjab', 'Shekhupura', '39350', 'PKR', '31.6934', '74.1859', NULL, '2023-11-16 08:31:21', '2023-11-16 08:31:21'),
(510, '182.185.142.240', 'rW9Fkq', 'Pakistan', 'PK', 'PB', 'Punjab', 'Shekhupura', '39350', 'PKR', '31.6934', '74.1859', NULL, '2023-11-16 11:56:46', '2023-11-16 11:56:46'),
(511, '182.185.142.240', '1VRNIZ', 'Pakistan', 'PK', 'PB', 'Punjab', 'Shekhupura', '39350', 'PKR', '31.6934', '74.1859', NULL, '2023-11-16 11:56:52', '2023-11-16 11:56:52'),
(512, '182.185.142.240', 'QneyZ0', 'Pakistan', 'PK', 'PB', 'Punjab', 'Shekhupura', '39350', 'PKR', '31.6934', '74.1859', NULL, '2023-11-16 11:59:04', '2023-11-16 11:59:04'),
(513, '182.185.142.240', 'Et77y1', 'Pakistan', 'PK', 'PB', 'Punjab', 'Shekhupura', '39350', 'PKR', '31.6934', '74.1859', NULL, '2023-11-16 12:47:20', '2023-11-16 12:47:20'),
(514, '182.185.142.240', 'g1x6zm', 'Pakistan', 'PK', 'PB', 'Punjab', 'Mianke Mor', '', 'PKR', '31.2024', '73.9486', NULL, '2023-11-17 04:58:34', '2023-11-17 04:58:34'),
(515, '182.185.142.240', 'L6uCMS', 'Pakistan', 'PK', 'PB', 'Punjab', 'Mianke Mor', '', 'PKR', '31.2024', '73.9486', NULL, '2023-11-17 04:58:39', '2023-11-17 04:58:39'),
(516, '182.185.142.240', 'T1pcax', 'Pakistan', 'PK', 'PB', 'Punjab', 'Mianke Mor', '', 'PKR', '31.2024', '73.9486', NULL, '2023-12-06 07:00:40', '2023-12-06 07:00:40');

--
-- Indexes for dumped tables
--

--
-- Indexes for table `chats`
--
ALTER TABLE `chats`
  ADD PRIMARY KEY (`id`),
  ADD KEY `chats_visitor_id_foreign` (`visitor_id`);

--
-- Indexes for table `failed_jobs`
--
ALTER TABLE `failed_jobs`
  ADD PRIMARY KEY (`id`),
  ADD UNIQUE KEY `failed_jobs_uuid_unique` (`uuid`);

--
-- Indexes for table `messages`
--
ALTER TABLE `messages`
  ADD PRIMARY KEY (`id`),
  ADD KEY `messages_chat_id_foreign` (`chat_id`);

--
-- Indexes for table `migrations`
--
ALTER TABLE `migrations`
  ADD PRIMARY KEY (`id`);

--
-- Indexes for table `password_reset_tokens`
--
ALTER TABLE `password_reset_tokens`
  ADD PRIMARY KEY (`email`);

--
-- Indexes for table `personal_access_tokens`
--
ALTER TABLE `personal_access_tokens`
  ADD PRIMARY KEY (`id`),
  ADD UNIQUE KEY `personal_access_tokens_token_unique` (`token`),
  ADD KEY `personal_access_tokens_tokenable_type_tokenable_id_index` (`tokenable_type`,`tokenable_id`);

--
-- Indexes for table `users`
--
ALTER TABLE `users`
  ADD PRIMARY KEY (`id`),
  ADD UNIQUE KEY `users_email_unique` (`email`);

--
-- Indexes for table `visitors`
--
ALTER TABLE `visitors`
  ADD PRIMARY KEY (`id`);

--
-- AUTO_INCREMENT for dumped tables
--

--
-- AUTO_INCREMENT for table `chats`
--
ALTER TABLE `chats`
  MODIFY `id` bigint(20) UNSIGNED NOT NULL AUTO_INCREMENT, AUTO_INCREMENT=485;

--
-- AUTO_INCREMENT for table `failed_jobs`
--
ALTER TABLE `failed_jobs`
  MODIFY `id` bigint(20) UNSIGNED NOT NULL AUTO_INCREMENT;

--
-- AUTO_INCREMENT for table `messages`
--
ALTER TABLE `messages`
  MODIFY `id` bigint(20) UNSIGNED NOT NULL AUTO_INCREMENT, AUTO_INCREMENT=664;

--
-- AUTO_INCREMENT for table `migrations`
--
ALTER TABLE `migrations`
  MODIFY `id` int(10) UNSIGNED NOT NULL AUTO_INCREMENT, AUTO_INCREMENT=9;

--
-- AUTO_INCREMENT for table `personal_access_tokens`
--
ALTER TABLE `personal_access_tokens`
  MODIFY `id` bigint(20) UNSIGNED NOT NULL AUTO_INCREMENT;

--
-- AUTO_INCREMENT for table `users`
--
ALTER TABLE `users`
  MODIFY `id` bigint(20) UNSIGNED NOT NULL AUTO_INCREMENT, AUTO_INCREMENT=3;

--
-- AUTO_INCREMENT for table `visitors`
--
ALTER TABLE `visitors`
  MODIFY `id` bigint(20) UNSIGNED NOT NULL AUTO_INCREMENT, AUTO_INCREMENT=517;

--
-- Constraints for dumped tables
--

--
-- Constraints for table `chats`
--
ALTER TABLE `chats`
  ADD CONSTRAINT `chats_visitor_id_foreign` FOREIGN KEY (`visitor_id`) REFERENCES `visitors` (`id`);

--
-- Constraints for table `messages`
--
ALTER TABLE `messages`
  ADD CONSTRAINT `messages_chat_id_foreign` FOREIGN KEY (`chat_id`) REFERENCES `chats` (`id`);
COMMIT;

/*!40101 SET CHARACTER_SET_CLIENT=@OLD_CHARACTER_SET_CLIENT */;
/*!40101 SET CHARACTER_SET_RESULTS=@OLD_CHARACTER_SET_RESULTS */;
/*!40101 SET COLLATION_CONNECTION=@OLD_COLLATION_CONNECTION */;
